Workbook

Sheet Run55
L1: 25569
A4: series | B4: facility | C4: run number | D4: events per file | E4: randoms | F4: duration | G4: data type | H4: bias | I4: diagnosis | J4: seriesid string | K4: date/time | L4: unixtime (min) | M4: my diag | N4: notes | O4: level | P4: levdiag
A5: 07151208_1609 | B5: UMN | C5: 55 | D5: 2000 | E5: 1000 | F5: 30 | G5: bg | H5: side 1: -4, side 2: 4 | I5: good | J5: =""""&A5&"""" -> "07151208_1609" | K5: =DATE(2000+MID(A5,3,2),MID(A5,5,2),MID(A5,7,2))+TIME(MID(A5,10,2),MID(A5,12,2),0) -> 42346.673 | L5: =(K5-25569)*24*60 -> 24159849 | M5: labview
A6: 07151208_1623 | B6: UMN | C6: 55 | D6: 2000 | E6: 1000 | F6: 30 | G6: bg | H6: side 1: -4, side 2: 4 | I6: good | J6: =""""&A6&"""" -> "07151208_1623" | K6: =DATE(2000+MID(A6,3,2),MID(A6,5,2),MID(A6,7,2))+TIME(MID(A6,10,2),MID(A6,12,2),0) -> 42346.683 | L6: =(K6-25569)*24*60 -> 24159863 | M6: labview
A7: 07151208_1644 | B7: UMN | C7: 55 | D7: 2000 | E7: 1000 | F7: 30 | G7: bg | H7: side 1: -4, side 2: 4 | I7: good | J7: =""""&A7&"""" -> "07151208_1644" | K7: =DATE(2000+MID(A7,3,2),MID(A7,5,2),MID(A7,7,2))+TIME(MID(A7,10,2),MID(A7,12,2),0) -> 42346.697 | L7: =(K7-25569)*24*60 -> 24159884 | M7: labview
A8: 07151208_1744 | B8: UMN | C8: 55 | D8: 2000 | E8: 1000 | F8: 30 | G8: bg | H8: side 1: 4, side 2: -4 | I8: good | J8: =""""&A8&"""" -> "07151208_1744" | K8: =DATE(2000+MID(A8,3,2),MID(A8,5,2),MID(A8,7,2))+TIME(MID(A8,10,2),MID(A8,12,2),0) -> 42346.739 | L8: =(K8-25569)*24*60 -> 24159944 | M8: labview
A9: 07151208_1843 | B9: UMN | C9: 55 | D9: 2000 | E9: 1000 | F9: 30 | G9: bg | H9: side 1: -4, side 2: 4 | I9: good | J9: =""""&A9&"""" -> "07151208_1843" | K9: =DATE(2000+MID(A9,3,2),MID(A9,5,2),MID(A9,7,2))+TIME(MID(A9,10,2),MID(A9,12,2),0) -> 42346.78 | L9: =(K9-25569)*24*60 -> 24160003 | M9: labview
A10: 07151208_1949 | B10: UMN | C10: 55 | D10: 2000 | E10: 1000 | F10: 30 | G10: bg | H10: side 1: 4, side 2: -4 | I10: good | J10: =""""&A10&"""" -> "07151208_1949" | K10: =DATE(2000+MID(A10,3,2),MID(A10,5,2),MID(A10,7,2))+TIME(MID(A10,10,2),MID(A10,12,2),0) -> 42346.826 | L10: =(K10-25569)*24*60 -> 24160069 | M10: labview
A11: 07151208_2049 | B11: UMN | C11: 55 | D11: 2000 | E11: 1000 | F11: 30 | G11: bg | H11: side 1: -4, side 2: 4 | I11: good | J11: =""""&A11&"""" -> "07151208_2049" | K11: =DATE(2000+MID(A11,3,2),MID(A11,5,2),MID(A11,7,2))+TIME(MID(A11,10,2),MID(A11,12,2),0) -> 42346.867 | L11: =(K11-25569)*24*60 -> 24160129 | M11: labview
A12: 07151208_2148 | B12: UMN | C12: 55 | D12: 2000 | E12: 1000 | F12: 30 | G12: bg | H12: side 1: 4, side 2: -4 | I12: good | J12: =""""&A12&"""" -> "07151208_2148" | K12: =DATE(2000+MID(A12,3,2),MID(A12,5,2),MID(A12,7,2))+TIME(MID(A12,10,2),MID(A12,12,2),0) -> 42346.908 | L12: =(K12-25569)*24*60 -> 24160188 | M12: labview
A13: 07151208_2248 | B13: UMN | C13: 55 | D13: 2000 | E13: 1000 | F13: 30 | G13: bg | H13: side 1: -4, side 2: 4 | I13: good | J13: =""""&A13&"""" -> "07151208_2248" | K13: =DATE(2000+MID(A13,3,2),MID(A13,5,2),MID(A13,7,2))+TIME(MID(A13,10,2),MID(A13,12,2),0) -> 42346.95 | L13: =(K13-25569)*24*60 -> 24160248 | M13: labview
A14: 07151208_2348 | B14: UMN | C14: 55 | D14: 2000 | E14: 1000 | F14: 30 | G14: bg | H14: side 1: 4, side 2: -4 | I14: good | J14: =""""&A14&"""" -> "07151208_2348" | K14: =DATE(2000+MID(A14,3,2),MID(A14,5,2),MID(A14,7,2))+TIME(MID(A14,10,2),MID(A14,12,2),0) -> 42346.992 | L14: =(K14-25569)*24*60 -> 24160308 | M14: labview
A15: 07151209_0048 | B15: UMN | C15: 55 | D15: 2000 | E15: 1000 | F15: 30 | G15: bg | H15: side 1: -4, side 2: 4 | I15: good | J15: =""""&A15&"""" -> "07151209_0048" | K15: =DATE(2000+MID(A15,3,2),MID(A15,5,2),MID(A15,7,2))+TIME(MID(A15,10,2),MID(A15,12,2),0) -> 42347.033 | L15: =(K15-25569)*24*60 -> 24160368 | M15: labview
A16: 07151209_0147 | B16: UMN | C16: 55 | D16: 2000 | E16: 1000 | F16: 30 | G16: bg | H16: side 1: 4, side 2: -4 | I16: good | J16: =""""&A16&"""" -> "07151209_0147" | K16: =DATE(2000+MID(A16,3,2),MID(A16,5,2),MID(A16,7,2))+TIME(MID(A16,10,2),MID(A16,12,2),0) -> 42347.074 | L16: =(K16-25569)*24*60 -> 24160427 | M16: labview
... A22: 07151209_0750 | B22: UMN | C22: 55 | D22: 2000 | E22: 1000 | F22: 30 | G22: bg | H22: side 1: 4, side 2: -4 | I22: good | J22: =""""&A22&"""" -> "07151209_0750" | K22: =DATE(2000+MID(A22,3,2),MID(A22,5,2),MID(A22,7,2))+TIME(MID(A22,10,2),MID(A22,12,2),0) -> 42347.326 | L22: =(K22-25569)*24*60 -> 24160790 | M22: labview
A23: 07151216_1700 | B23: UMN | C23: 55 | D23: null | E23: 0 | F23: 1 | G23: bg | H23: side 1: 0, side 2: 0 | I23: good | J23: =""""&A23&"""" -> "07151216_1700" | K23: =DATE(2000+MID(A23,3,2),MID(A23,5,2),MID(A23,7,2))+TIME(MID(A23,10,2),MID(A23,12,2),0) -> 42354.708 | L23: =(K23-25569)*24*60 -> 24171420 | M23: np | N23: pulse viewer accident? | O23: =(VLOOKUP(K23,Sheet3!A:E,4)-VLOOKUP(K23,Sheet3!A:E,3))/(VLOOKUP(K23,Sheet3!A:E,2)-VLOOKUP(K23,Sheet3!A:E,1))*(K23-VLOOKUP(K23,Sheet3!A:E,1))+VLOOKUP(K23,Sheet3!A:E,3) -> 0.76722255 | P23: =IF(AND(O23>0.2,O23<0.7),"ok","bad") -> bad
A24: 07151211_1835 | B24: UMN | C24: 55 | D24: null | E24: 1000 | F24: 31 | G24: bg | H24: side 1: -3.999, side 2: 4.4872 | I24: good | J24: =""""&A24&"""" -> "07151211_1835" | K24: =DATE(2000+MID(A24,3,2),MID(A24,5,2),MID(A24,7,2))+TIME(MID(A24,10,2),MID(A24,12,2),0) -> 42349.774 | L24: =(K24-25569)*24*60 -> 24164315 | M24: np | N24: not sure | O24: =(VLOOKUP(K24,Sheet3!A:E,4)-VLOOKUP(K24,Sheet3!A:E,3))/(VLOOKUP(K24,Sheet3!A:E,2)-VLOOKUP(K24,Sheet3!A:E,1))*(K24-VLOOKUP(K24,Sheet3!A:E,1))+VLOOKUP(K24,Sheet3!A:E,3) -> 0.91261328 | P24: =IF(AND(O24>0.2,O24<0.7),"ok","bad") -> bad
A25: 07151211_1932 | B25: UMN | C25: 55 | D25: null | E25: 1000 | F25: 31 | G25: bg | H25: side 1: -3.999, side 2: 4.4872 | I25: good | J25: =""""&A25&"""" -> "07151211_1932" | K25: =DATE(2000+MID(A25,3,2),MID(A25,5,2),MID(A25,7,2))+TIME(MID(A25,10,2),MID(A25,12,2),0) -> 42349.814 | L25: =(K25-25569)*24*60 -> 24164372 | M25: np | N25: not sure | O25: =(VLOOKUP(K25,Sheet3!A:E,4)-VLOOKUP(K25,Sheet3!A:E,3))/(VLOOKUP(K25,Sheet3!A:E,2)-VLOOKUP(K25,Sheet3!A:E,1))*(K25-VLOOKUP(K25,Sheet3!A:E,1))+VLOOKUP(K25,Sheet3!A:E,3) -> 0.89725 | P25: =IF(AND(O25>0.2,O25<0.7),"ok","bad") -> bad
A26: 07151211_2125 | B26: UMN | C26: 55 | D26: null | E26: 1000 | F26: 31 | G26: bg | H26: side 1: -3.999, side 2: 4.4872 | I26: good | J26: =""""&A26&"""" -> "07151211_2125" | K26: =DATE(2000+MID(A26,3,2),MID(A26,5,2),MID(A26,7,2))+TIME(MID(A26,10,2),MID(A26,12,2),0) -> 42349.892 | L26: =(K26-25569)*24*60 -> 24164485 | M26: np | N26: not sure | O26: =(VLOOKUP(K26,Sheet3!A:E,4)-VLOOKUP(K26,Sheet3!A:E,3))/(VLOOKUP(K26,Sheet3!A:E,2)-VLOOKUP(K26,Sheet3!A:E,1))*(K26-VLOOKUP(K26,Sheet3!A:E,1))+VLOOKUP(K26,Sheet3!A:E,3) -> 0.86679297 | P26: =IF(AND(O26>0.2,O26<0.7),"ok","bad") -> bad
A27: 07151211_2222 | B27: UMN | C27: 55 | D27: null | E27: 1000 | F27: 31 | G27: bg | H27: side 1: -3.999, side 2: 4.4872 | I27: good | J27: =""""&A27&"""" -> "07151211_2222" | K27: =DATE(2000+MID(A27,3,2),MID(A27,5,2),MID(A27,7,2))+TIME(MID(A27,10,2),MID(A27,12,2),0) -> 42349.932 | L27: =(K27-25569)*24*60 -> 24164542 | M27: np | N27: not sure | O27: =(VLOOKUP(K27,Sheet3!A:E,4)-VLOOKUP(K27,Sheet3!A:E,3))/(VLOOKUP(K27,Sheet3!A:E,2)-VLOOKUP(K27,Sheet3!A:E,1))*(K27-VLOOKUP(K27,Sheet3!A:E,1))+VLOOKUP(K27,Sheet3!A:E,3) -> 0.85142969 | P27: =IF(AND(O27>0.2,O27<0.7),"ok","bad") -> bad
A28: 07151211_2318 | B28: UMN | C28: 55 | D28: null | E28: 1000 | F28: 31 | G28: bg | H28: side 1: -3.999, side 2: 4.4872 | I28: good | J28: =""""&A28&"""" -> "07151211_2318" | K28: =DATE(2000+MID(A28,3,2),MID(A28,5,2),MID(A28,7,2))+TIME(MID(A28,10,2),MID(A28,12,2),0) -> 42349.971 | L28: =(K28-25569)*24*60 -> 24164598 | M28: np | N28: not sure | O28: =(VLOOKUP(K28,Sheet3!A:E,4)-VLOOKUP(K28,Sheet3!A:E,3))/(VLOOKUP(K28,Sheet3!A:E,2)-VLOOKUP(K28,Sheet3!A:E,1))*(K28-VLOOKUP(K28,Sheet3!A:E,1))+VLOOKUP(K28,Sheet3!A:E,3) -> 0.83633594 | P28: =IF(AND(O28>0.2,O28<0.7),"ok","bad") -> bad
A29: 07151212_0112 | B29: UMN | C29: 55 | D29: null | E29: 1000 | F29: 31 | G29: bg | H29: side 1: -3.999, side 2: 4.4872 | I29: good | J29: =""""&A29&"""" -> "07151212_0112" | K29: =DATE(2000+MID(A29,3,2),MID(A29,5,2),MID(A29,7,2))+TIME(MID(A29,10,2),MID(A29,12,2),0) -> 42350.05 | L29: =(K29-25569)*24*60 -> 24164712 | M29: np | N29: not sure | O29: =(VLOOKUP(K29,Sheet3!A:E,4)-VLOOKUP(K29,Sheet3!A:E,3))/(VLOOKUP(K29,Sheet3!A:E,2)-VLOOKUP(K29,Sheet3!A:E,1))*(K29-VLOOKUP(K29,Sheet3!A:E,1))+VLOOKUP(K29,Sheet3!A:E,3) -> 0.80560937 | P29: =IF(AND(O29>0.2,O29<0.7),"ok","bad") -> bad
A30: 07151212_0208 | B30: UMN | C30: 55 | D30: null | E30: 1000 | F30: 31 | G30: bg | H30: side 1: -3.999, side 2: 4.4872 | I30: good | J30: =""""&A30&"""" -> "07151212_0208" | K30: =DATE(2000+MID(A30,3,2),MID(A30,5,2),MID(A30,7,2))+TIME(MID(A30,10,2),MID(A30,12,2),0) -> 42350.089 | L30: =(K30-25569)*24*60 -> 24164768 | M30: np | N30: not sure | O30: =(VLOOKUP(K30,Sheet3!A:E,4)-VLOOKUP(K30,Sheet3!A:E,3))/(VLOOKUP(K30,Sheet3!A:E,2)-VLOOKUP(K30,Sheet3!A:E,1))*(K30-VLOOKUP(K30,Sheet3!A:E,1))+VLOOKUP(K30,Sheet3!A:E,3) -> 0.79051563 | P30: =IF(AND(O30>0.2,O30<0.7),"ok","bad") -> bad
A31: 07151214_1704 | B31: UMN | C31: 55 | D31: null | E31: 1000 | F31: 31 | G31: bg | H31: side 1: 4.014, side 2: -3.9293 | I31: good | J31: =""""&A31&"""" -> "07151214_1704" | K31: =DATE(2000+MID(A31,3,2),MID(A31,5,2),MID(A31,7,2))+TIME(MID(A31,10,2),MID(A31,12,2),0) -> 42352.711 | L31: =(K31-25569)*24*60 -> 24168544 | M31: np | N31: wrong trace length | O31: =(VLOOKUP(K31,Sheet3!A:E,4)-VLOOKUP(K31,Sheet3!A:E,3))/(VLOOKUP(K31,Sheet3!A:E,2)-VLOOKUP(K31,Sheet3!A:E,1))*(K31-VLOOKUP(K31,Sheet3!A:E,1))+VLOOKUP(K31,Sheet3!A:E,3) -> 0.9029182 | P31: =IF(AND(O31>0.2,O31<0.7),"ok","bad") -> bad
A32: 07151214_1801 | B32: UMN | C32: 55 | D32: null | E32: 1000 | F32: 31 | G32: bg | H32: side 1: 4.014, side 2: -3.9293 | I32: good | J32: =""""&A32&"""" -> "07151214_1801" | K32: =DATE(2000+MID(A32,3,2),MID(A32,5,2),MID(A32,7,2))+TIME(MID(A32,10,2),MID(A32,12,2),0) -> 42352.751 | L32: =(K32-25569)*24*60 -> 24168601 | M32: np | N32: wrong trace length | O32: =(VLOOKUP(K32,Sheet3!A:E,4)-VLOOKUP(K32,Sheet3!A:E,3))/(VLOOKUP(K32,Sheet3!A:E,2)-VLOOKUP(K32,Sheet3!A:E,1))*(K32-VLOOKUP(K32,Sheet3!A:E,1))+VLOOKUP(K32,Sheet3!A:E,3) -> 0.88852249 | P32: =IF(AND(O32>0.2,O32<0.7),"ok","bad") -> bad
A33: 07151214_1858 | B33: UMN | C33: 55 | D33: null | E33: 1000 | F33: 31 | G33: bg | H33: side 1: 4.014, side 2: -3.9293 | I33: good | J33: =""""&A33&"""" -> "07151214_1858" | K33: =DATE(2000+MID(A33,3,2),MID(A33,5,2),MID(A33,7,2))+TIME(MID(A33,10,2),MID(A33,12,2),0) -> 42352.79 | L33: =(K33-25569)*24*60 -> 24168658 | M33: np | N33: wrong trace length | O33: =(VLOOKUP(K33,Sheet3!A:E,4)-VLOOKUP(K33,Sheet3!A:E,3))/(VLOOKUP(K33,Sheet3!A:E,2)-VLOOKUP(K33,Sheet3!A:E,1))*(K33-VLOOKUP(K33,Sheet3!A:E,1))+VLOOKUP(K33,Sheet3!A:E,3) -> 0.87412679 | P33: =IF(AND(O33>0.2,O33<0.7),"ok","bad") -> bad
A34: 07151214_1955 | B34: UMN | C34: 55 | D34: null | E34: 1000 | F34: 31 | G34: bg | H34: side 1: 4.014, side 2: -3.9293 | I34: good | J34: =""""&A34&"""" -> "07151214_1955" | K34: =DATE(2000+MID(A34,3,2),MID(A34,5,2),MID(A34,7,2))+TIME(MID(A34,10,2),MID(A34,12,2),0) -> 42352.83 | L34: =(K34-25569)*24*60 -> 24168715 | M34: np | N34: wrong trace length | O34: =(VLOOKUP(K34,Sheet3!A:E,4)-VLOOKUP(K34,Sheet3!A:E,3))/(VLOOKUP(K34,Sheet3!A:E,2)-VLOOKUP(K34,Sheet3!A:E,1))*(K34-VLOOKUP(K34,Sheet3!A:E,1))+VLOOKUP(K34,Sheet3!A:E,3) -> 0.85973108 | P34: =IF(AND(O34>0.2,O34<0.7),"ok","bad") -> bad
... A37: 07151214_2245 | B37: UMN | C37: 55 | D37: null | E37: 1000 | F37: 31 | G37: bg | H37: side 1: 4.014, side 2: -3.9293 | I37: good | J37: =""""&A37&"""" -> "07151214_2245" | K37: =DATE(2000+MID(A37,3,2),MID(A37,5,2),MID(A37,7,2))+TIME(MID(A37,10,2),MID(A37,12,2),0) -> 42352.948 | L37: =(K37-25569)*24*60 -> 24168885 | M37: np | N37: wrong trace length | O37: =(VLOOKUP(K37,Sheet3!A:E,4)-VLOOKUP(K37,Sheet3!A:E,3))/(VLOOKUP(K37,Sheet3!A:E,2)-VLOOKUP(K37,Sheet3!A:E,1))*(K37-VLOOKUP(K37,Sheet3!A:E,1))+VLOOKUP(K37,Sheet3!A:E,3) -> 0.81679652 | P37: =IF(AND(O37>0.2,O37<0.7),"ok","bad") -> bad
A38: 07151214_2341 | B38: UMN | C38: 55 | D38: null | E38: 1000 | F38: null | G38: bg | H38: side 1: 4.014, side 2: -3.9293 | I38: good | J38: =""""&A38&"""" -> "07151214_2341" | K38: =DATE(2000+MID(A38,3,2),MID(A38,5,2),MID(A38,7,2))+TIME(MID(A38,10,2),MID(A38,12,2),0) -> 42352.987 | L38: =(K38-25569)*24*60 -> 24168941 | M38: np | N38: wrong trace length | O38: =(VLOOKUP(K38,Sheet3!A:E,4)-VLOOKUP(K38,Sheet3!A:E,3))/(VLOOKUP(K38,Sheet3!A:E,2)-VLOOKUP(K38,Sheet3!A:E,1))*(K38-VLOOKUP(K38,Sheet3!A:E,1))+VLOOKUP(K38,Sheet3!A:E,3) -> 0.80265337 | P38: =IF(AND(O38>0.2,O38<0.7),"ok","bad") -> bad
A39: 07151218_0501 | B39: UMN | C39: 55 | D39: null | E39: 1000 | F39: 31 | G39: cf | H39: side 1: 4.014, side 2: -3.9293 | I39: good | J39: =""""&A39&"""" -> "07151218_0501" | K39: =DATE(2000+MID(A39,3,2),MID(A39,5,2),MID(A39,7,2))+TIME(MID(A39,10,2),MID(A39,12,2),0) -> 42356.209 | L39: =(K39-25569)*24*60 -> 24173581 | M39: np | O39: =(VLOOKUP(K39,Sheet3!A:E,4)-VLOOKUP(K39,Sheet3!A:E,3))/(VLOOKUP(K39,Sheet3!A:E,2)-VLOOKUP(K39,Sheet3!A:E,1))*(K39-VLOOKUP(K39,Sheet3!A:E,1))+VLOOKUP(K39,Sheet3!A:E,3) -> 0.13392797 | P39: =IF(AND(O39>0.2,O39<0.7),"ok","bad") -> bad
A40: 07151218_0557 | B40: UMN | C40: 55 | D40: null | E40: 1000 | F40: 31 | G40: cf | H40: side 1: 4.014, side 2: -3.9293 | I40: good | J40: =""""&A40&"""" -> "07151218_0557" | K40: =DATE(2000+MID(A40,3,2),MID(A40,5,2),MID(A40,7,2))+TIME(MID(A40,10,2),MID(A40,12,2),0) -> 42356.248 | L40: =(K40-25569)*24*60 -> 24173637 | M40: np | O40: =(VLOOKUP(K40,Sheet3!A:E,4)-VLOOKUP(K40,Sheet3!A:E,3))/(VLOOKUP(K40,Sheet3!A:E,2)-VLOOKUP(K40,Sheet3!A:E,1))*(K40-VLOOKUP(K40,Sheet3!A:E,1))+VLOOKUP(K40,Sheet3!A:E,3) -> 0.11660593 | P40: =IF(AND(O40>0.2,O40<0.7),"ok","bad") -> bad
A41: 07151218_0654 | B41: UMN | C41: 55 | D41: null | E41: 1000 | F41: 31 | G41: cf | H41: side 1: 4.014, side 2: -3.9293 | I41: good | J41: =""""&A41&"""" -> "07151218_0654" | K41: =DATE(2000+MID(A41,3,2),MID(A41,5,2),MID(A41,7,2))+TIME(MID(A41,10,2),MID(A41,12,2),0) -> 42356.287 | L41: =(K41-25569)*24*60 -> 24173694 | M41: np | O41: =(VLOOKUP(K41,Sheet3!A:E,4)-VLOOKUP(K41,Sheet3!A:E,3))/(VLOOKUP(K41,Sheet3!A:E,2)-VLOOKUP(K41,Sheet3!A:E,1))*(K41-VLOOKUP(K41,Sheet3!A:E,1))+VLOOKUP(K41,Sheet3!A:E,3) -> 0.098974576 | P41: =IF(AND(O41>0.2,O41<0.7),"ok","bad") -> bad
A42: 07151210_1319 | B42: UMN | C42: 55 | D42: null | E42: 1000 | F42: 10 | G42: bg | H42: side 1: -3.999, side 2: 4.4872 | I42: good | J42: =""""&A42&"""" -> "07151210_1319" | K42: =DATE(2000+MID(A42,3,2),MID(A42,5,2),MID(A42,7,2))+TIME(MID(A42,10,2),MID(A42,12,2),0) -> 42348.555 | L42: =(K42-25569)*24*60 -> 24162559 | M42: np | N42: short, not in run diary | O42: =(VLOOKUP(K42,Sheet3!A:E,4)-VLOOKUP(K42,Sheet3!A:E,3))/(VLOOKUP(K42,Sheet3!A:E,2)-VLOOKUP(K42,Sheet3!A:E,1))*(K42-VLOOKUP(K42,Sheet3!A:E,1))+VLOOKUP(K42,Sheet3!A:E,3) -> 0.623536 | P42: =IF(AND(O42>0.2,O42<0.7),"ok","bad") -> ok
A43: 07151211_1052 | B43: UMN | C43: 55 | D43: null | E43: 1000 | F43: 34 | G43: cf | H43: side 1: -3.999, side 2: 4.4872 | I43: good | J43: =""""&A43&"""" -> "07151211_1052" | K43: =DATE(2000+MID(A43,3,2),MID(A43,5,2),MID(A43,7,2))+TIME(MID(A43,10,2),MID(A43,12,2),0) -> 42349.453 | L43: =(K43-25569)*24*60 -> 24163852 | M43: np | N43: wrong trace length | O43: =(VLOOKUP(K43,Sheet3!A:E,4)-VLOOKUP(K43,Sheet3!A:E,3))/(VLOOKUP(K43,Sheet3!A:E,2)-VLOOKUP(K43,Sheet3!A:E,1))*(K43-VLOOKUP(K43,Sheet3!A:E,1))+VLOOKUP(K43,Sheet3!A:E,3) -> 0.4192987 | P43: =IF(AND(O43>0.2,O43<0.7),"ok","bad") -> ok
A44: 07151211_1151 | B44: UMN | C44: 55 | D44: null | E44: 1000 | F44: 34 | G44: cf | H44: side 1: -3.999, side 2: 4.4872 | I44: good | J44: =""""&A44&"""" -> "07151211_1151" | K44: =DATE(2000+MID(A44,3,2),MID(A44,5,2),MID(A44,7,2))+TIME(MID(A44,10,2),MID(A44,12,2),0) -> 42349.494 | L44: =(K44-25569)*24*60 -> 24163911 | M44: np | N44: wrong trace length | O44: =(VLOOKUP(K44,Sheet3!A:E,4)-VLOOKUP(K44,Sheet3!A:E,3))/(VLOOKUP(K44,Sheet3!A:E,2)-VLOOKUP(K44,Sheet3!A:E,1))*(K44-VLOOKUP(K44,Sheet3!A:E,1))+VLOOKUP(K44,Sheet3!A:E,3) -> 0.40090909 | P44: =IF(AND(O44>0.2,O44<0.7),"ok","bad") -> ok
A45: 07151211_1303 | B45: UMN | C45: 55 | D45: null | E45: 1000 | F45: 34 | G45: cf | H45: side 1: 4.014, side 2: -3.9293 | I45: good | J45: =""""&A45&"""" -> "07151211_1303" | K45: =DATE(2000+MID(A45,3,2),MID(A45,5,2),MID(A45,7,2))+TIME(MID(A45,10,2),MID(A45,12,2),0) -> 42349.544 | L45: =(K45-25569)*24*60 -> 24163983 | M45: np | N45: wrong trace length | O45: =(VLOOKUP(K45,Sheet3!A:E,4)-VLOOKUP(K45,Sheet3!A:E,3))/(VLOOKUP(K45,Sheet3!A:E,2)-VLOOKUP(K45,Sheet3!A:E,1))*(K45-VLOOKUP(K45,Sheet3!A:E,1))+VLOOKUP(K45,Sheet3!A:E,3) -> 0.37846753 | P45: =IF(AND(O45>0.2,O45<0.7),"ok","bad") -> ok
A46: 07151210_1644 | B46: UMN | C46: 55 | D46: null | E46: 1000 | F46: 4 | G46: bg | H46: side 1: -3.999, side 2: 4.4872 | I46: good | J46: =""""&A46&"""" -> "07151210_1644" | K46: =DATE(2000+MID(A46,3,2),MID(A46,5,2),MID(A46,7,2))+TIME(MID(A46,10,2),MID(A46,12,2),0) -> 42348.697 | L46: =(K46-25569)*24*60 -> 24162764 | M46: ok | N46: 0.77 | O46: =(VLOOKUP(K46,Sheet3!A:E,4)-VLOOKUP(K46,Sheet3!A:E,3))/(VLOOKUP(K46,Sheet3!A:E,2)-VLOOKUP(K46,Sheet3!A:E,1))*(K46-VLOOKUP(K46,Sheet3!A:E,1))+VLOOKUP(K46,Sheet3!A:E,3) -> 0.75263271 | P46: =IF(AND(O46>0.2,O46<0.7),"ok","bad") -> bad
A47: 07151211_1739 | B47: UMN | C47: 55 | D47: null | E47: 1000 | F47: 31 | G47: bg | H47: side 1: -3.999, side 2: 4.4872 | I47: good | J47: =""""&A47&"""" -> "07151211_1739" | K47: =DATE(2000+MID(A47,3,2),MID(A47,5,2),MID(A47,7,2))+TIME(MID(A47,10,2),MID(A47,12,2),0) -> 42349.735 | L47: =(K47-25569)*24*60 -> 24164259 | M47: ok | N47: 0.94 | O47: =(VLOOKUP(K47,Sheet3!A:E,4)-VLOOKUP(K47,Sheet3!A:E,3))/(VLOOKUP(K47,Sheet3!A:E,2)-VLOOKUP(K47,Sheet3!A:E,1))*(K47-VLOOKUP(K47,Sheet3!A:E,1))+VLOOKUP(K47,Sheet3!A:E,3) -> 0.92770703 | P47: =IF(AND(O47>0.2,O47<0.7),"ok","bad") -> bad
A48: 07151212_0305 | B48: UMN | C48: 55 | D48: null | E48: 1000 | F48: 31 | G48: bg | H48: side 1: -3.999, side 2: 4.4872 | I48: good | J48: =""""&A48&"""" -> "07151212_0305" | K48: =DATE(2000+MID(A48,3,2),MID(A48,5,2),MID(A48,7,2))+TIME(MID(A48,10,2),MID(A48,12,2),0) -> 42350.128 | L48: =(K48-25569)*24*60 -> 24164825 | M48: ok | N48: 0.77515234 | O48: =(VLOOKUP(K48,Sheet3!A:E,4)-VLOOKUP(K48,Sheet3!A:E,3))/(VLOOKUP(K48,Sheet3!A:E,2)-VLOOKUP(K48,Sheet3!A:E,1))*(K48-VLOOKUP(K48,Sheet3!A:E,1))+VLOOKUP(K48,Sheet3!A:E,3) -> 0.77515234 | P48: =IF(AND(O48>0.2,O48<0.7),"ok","bad") -> bad
A49: 07151212_0401 | B49: UMN | C49: 55 | D49: null | E49: 1000 | F49: 31 | G49: bg | H49: side 1: -3.999, side 2: 4.4872 | I49: good | J49: =""""&A49&"""" -> "07151212_0401" | K49: =DATE(2000+MID(A49,3,2),MID(A49,5,2),MID(A49,7,2))+TIME(MID(A49,10,2),MID(A49,12,2),0) -> 42350.167 | L49: =(K49-25569)*24*60 -> 24164881 | M49: ok | N49: 0.76005859 | O49: =(VLOOKUP(K49,Sheet3!A:E,4)-VLOOKUP(K49,Sheet3!A:E,3))/(VLOOKUP(K49,Sheet3!A:E,2)-VLOOKUP(K49,Sheet3!A:E,1))*(K49-VLOOKUP(K49,Sheet3!A:E,1))+VLOOKUP(K49,Sheet3!A:E,3) -> 0.76005859 | P49: =IF(AND(O49>0.2,O49<0.7),"ok","bad") -> bad
A50: 07151212_0458 | B50: UMN | C50: 55 | D50: null | E50: 1000 | F50: 31 | G50: bg | H50: side 1: -3.999, side 2: 4.4872 | I50: good | J50: =""""&A50&"""" -> "07151212_0458" | K50: =DATE(2000+MID(A50,3,2),MID(A50,5,2),MID(A50,7,2))+TIME(MID(A50,10,2),MID(A50,12,2),0) -> 42350.207 | L50: =(K50-25569)*24*60 -> 24164938 | M50: ok | N50: 0.74469531 | O50: =(VLOOKUP(K50,Sheet3!A:E,4)-VLOOKUP(K50,Sheet3!A:E,3))/(VLOOKUP(K50,Sheet3!A:E,2)-VLOOKUP(K50,Sheet3!A:E,1))*(K50-VLOOKUP(K50,Sheet3!A:E,1))+VLOOKUP(K50,Sheet3!A:E,3) -> 0.74469531 | P50: =IF(AND(O50>0.2,O50<0.7),"ok","bad") -> bad
A51: 07151212_0555 | B51: UMN | C51: 55 | D51: null | E51: 1000 | F51: 31 | G51: bg | H51: side 1: -3.999, side 2: 4.4872 | I51: good | J51: =""""&A51&"""" -> "07151212_0555" | K51: =DATE(2000+MID(A51,3,2),MID(A51,5,2),MID(A51,7,2))+TIME(MID(A51,10,2),MID(A51,12,2),0) -> 42350.247 | L51: =(K51-25569)*24*60 -> 24164995 | M51: ok | N51: 0.72933203 | O51: =(VLOOKUP(K51,Sheet3!A:E,4)-VLOOKUP(K51,Sheet3!A:E,3))/(VLOOKUP(K51,Sheet3!A:E,2)-VLOOKUP(K51,Sheet3!A:E,1))*(K51-VLOOKUP(K51,Sheet3!A:E,1))+VLOOKUP(K51,Sheet3!A:E,3) -> 0.72933203 | P51: =IF(AND(O51>0.2,O51<0.7),"ok","bad") -> bad
A52: 07151212_0651 | B52: UMN | C52: 55 | D52: null | E52: 1000 | F52: 31 | G52: bg | H52: side 1: -3.999, side 2: 4.4872 | I52: good | J52: =""""&A52&"""" -> "07151212_0651" | K52: =DATE(2000+MID(A52,3,2),MID(A52,5,2),MID(A52,7,2))+TIME(MID(A52,10,2),MID(A52,12,2),0) -> 42350.285 | L52: =(K52-25569)*24*60 -> 24165051 | M52: ok | N52: 0.71423828 | O52: =(VLOOKUP(K52,Sheet3!A:E,4)-VLOOKUP(K52,Sheet3!A:E,3))/(VLOOKUP(K52,Sheet3!A:E,2)-VLOOKUP(K52,Sheet3!A:E,1))*(K52-VLOOKUP(K52,Sheet3!A:E,1))+VLOOKUP(K52,Sheet3!A:E,3) -> 0.71423828 | P52: =IF(AND(O52>0.2,O52<0.7),"ok","bad") -> bad
A53: 07151210_1703 | B53: UMN | C53: 55 | D53: null | E53: 1000 | F53: 28 | G53: bg | H53: side 1: 4.014, side 2: -3.9293 | I53: good | J53: =""""&A53&"""" -> "07151210_1703" | K53: =DATE(2000+MID(A53,3,2),MID(A53,5,2),MID(A53,7,2))+TIME(MID(A53,10,2),MID(A53,12,2),0) -> 42348.71 | L53: =(K53-25569)*24*60 -> 24162783 | M53: ok | O53: =(VLOOKUP(K53,Sheet3!A:E,4)-VLOOKUP(K53,Sheet3!A:E,3))/(VLOOKUP(K53,Sheet3!A:E,2)-VLOOKUP(K53,Sheet3!A:E,1))*(K53-VLOOKUP(K53,Sheet3!A:E,1))+VLOOKUP(K53,Sheet3!A:E,3) -> 0.74682617 | P53: =IF(AND(O53>0.2,O53<0.7),"ok","bad") -> bad
A54: 07151210_1906 | B54: UMN | C54: 55 | D54: null | E54: 1000 | F54: 31 | G54: bg | H54: side 1: 4.014, side 2: -3.9293 | I54: good | J54: =""""&A54&"""" -> "07151210_1906" | K54: =DATE(2000+MID(A54,3,2),MID(A54,5,2),MID(A54,7,2))+TIME(MID(A54,10,2),MID(A54,12,2),0) -> 42348.796 | L54: =(K54-25569)*24*60 -> 24162906 | M54: ok | O54: =(VLOOKUP(K54,Sheet3!A:E,4)-VLOOKUP(K54,Sheet3!A:E,3))/(VLOOKUP(K54,Sheet3!A:E,2)-VLOOKUP(K54,Sheet3!A:E,1))*(K54-VLOOKUP(K54,Sheet3!A:E,1))+VLOOKUP(K54,Sheet3!A:E,3) -> 0.70923645 | P54: =IF(AND(O54>0.2,O54<0.7),"ok","bad") -> bad
A55: 07151216_1749 | B55: UMN | C55: 55 | D55: null | E55: 1000 | F55: 31 | G55: cf | H55: side 1: -3.999, side 2: 4.4872 | I55: good | J55: =""""&A55&"""" -> "07151216_1749" | K55: =DATE(2000+MID(A55,3,2),MID(A55,5,2),MID(A55,7,2))+TIME(MID(A55,10,2),MID(A55,12,2),0) -> 42354.742 | L55: =(K55-25569)*24*60 -> 24171469 | M55: ok | N55: 0.79 | O55: =(VLOOKUP(K55,Sheet3!A:E,4)-VLOOKUP(K55,Sheet3!A:E,3))/(VLOOKUP(K55,Sheet3!A:E,2)-VLOOKUP(K55,Sheet3!A:E,1))*(K55-VLOOKUP(K55,Sheet3!A:E,1))+VLOOKUP(K55,Sheet3!A:E,3) -> 0.75397052 | P55: =IF(AND(O55>0.2,O55<0.7),"ok","bad") -> bad
A56: 07151216_1845 | B56: UMN | C56: 55 | D56: null | E56: 1000 | F56: 31 | G56: cf | H56: side 1: -3.999, side 2: 4.4872 | I56: good | J56: =""""&A56&"""" -> "07151216_1845" | K56: =DATE(2000+MID(A56,3,2),MID(A56,5,2),MID(A56,7,2))+TIME(MID(A56,10,2),MID(A56,12,2),0) -> 42354.781 | L56: =(K56-25569)*24*60 -> 24171525 | M56: ok | N56: 0.7775 | O56: =(VLOOKUP(K56,Sheet3!A:E,4)-VLOOKUP(K56,Sheet3!A:E,3))/(VLOOKUP(K56,Sheet3!A:E,2)-VLOOKUP(K56,Sheet3!A:E,1))*(K56-VLOOKUP(K56,Sheet3!A:E,1))+VLOOKUP(K56,Sheet3!A:E,3) -> 0.73882535 | P56: =IF(AND(O56>0.2,O56<0.7),"ok","bad") -> bad
A57: 07151216_1942 | B57: UMN | C57: 55 | D57: null | E57: 1000 | F57: 31 | G57: cf | H57: side 1: -3.999, side 2: 4.4872 | I57: good | J57: =""""&A57&"""" -> "07151216_1942" | K57: =DATE(2000+MID(A57,3,2),MID(A57,5,2),MID(A57,7,2))+TIME(MID(A57,10,2),MID(A57,12,2),0) -> 42354.821 | L57: =(K57-25569)*24*60 -> 24171582 | M57: ok | N57: 0.765 | O57: =(VLOOKUP(K57,Sheet3!A:E,4)-VLOOKUP(K57,Sheet3!A:E,3))/(VLOOKUP(K57,Sheet3!A:E,2)-VLOOKUP(K57,Sheet3!A:E,1))*(K57-VLOOKUP(K57,Sheet3!A:E,1))+VLOOKUP(K57,Sheet3!A:E,3) -> 0.72340973 | P57: =IF(AND(O57>0.2,O57<0.7),"ok","bad") -> bad
A58: 07151216_2038 | B58: UMN | C58: 55 | D58: null | E58: 1000 | F58: 31 | G58: cf | H58: side 1: -3.999, side 2: 4.4872 | I58: good | J58: =""""&A58&"""" -> "07151216_2038" | K58: =DATE(2000+MID(A58,3,2),MID(A58,5,2),MID(A58,7,2))+TIME(MID(A58,10,2),MID(A58,12,2),0) -> 42354.86 | L58: =(K58-25569)*24*60 -> 24171638 | M58: ok | N58: 0.7525 | O58: =(VLOOKUP(K58,Sheet3!A:E,4)-VLOOKUP(K58,Sheet3!A:E,3))/(VLOOKUP(K58,Sheet3!A:E,2)-VLOOKUP(K58,Sheet3!A:E,1))*(K58-VLOOKUP(K58,Sheet3!A:E,1))+VLOOKUP(K58,Sheet3!A:E,3) -> 0.70826455 | P58: =IF(AND(O58>0.2,O58<0.7),"ok","bad") -> bad
A59: 07151218_0211 | B59: UMN | C59: 55 | D59: null | E59: 1000 | F59: 31 | G59: cf | H59: side 1: 4.014, side 2: -3.9293 | I59: good | J59: =""""&A59&"""" -> "07151218_0211" | K59: =DATE(2000+MID(A59,3,2),MID(A59,5,2),MID(A59,7,2))+TIME(MID(A59,10,2),MID(A59,12,2),0) -> 42356.091 | L59: =(K59-25569)*24*60 -> 24173411 | M59: ok | O59: =(VLOOKUP(K59,Sheet3!A:E,4)-VLOOKUP(K59,Sheet3!A:E,3))/(VLOOKUP(K59,Sheet3!A:E,2)-VLOOKUP(K59,Sheet3!A:E,1))*(K59-VLOOKUP(K59,Sheet3!A:E,1))+VLOOKUP(K59,Sheet3!A:E,3) -> 0.18651271 | P59: =IF(AND(O59>0.2,O59<0.7),"ok","bad") -> bad
A60: 07151218_0307 | B60: UMN | C60: 55 | D60: null | E60: 1000 | F60: 31 | G60: cf | H60: side 1: 4.014, side 2: -3.9293 | I60: good | J60: =""""&A60&"""" -> "07151218_0307" | K60: =DATE(2000+MID(A60,3,2),MID(A60,5,2),MID(A60,7,2))+TIME(MID(A60,10,2),MID(A60,12,2),0) -> 42356.13 | L60: =(K60-25569)*24*60 -> 24173467 | M60: ok | O60: =(VLOOKUP(K60,Sheet3!A:E,4)-VLOOKUP(K60,Sheet3!A:E,3))/(VLOOKUP(K60,Sheet3!A:E,2)-VLOOKUP(K60,Sheet3!A:E,1))*(K60-VLOOKUP(K60,Sheet3!A:E,1))+VLOOKUP(K60,Sheet3!A:E,3) -> 0.16919068 | P60: =IF(AND(O60>0.2,O60<0.7),"ok","bad") -> bad
A61: 07151218_0404 | B61: UMN | C61: 55 | D61: null | E61: 1000 | F61: 31 | G61: cf | H61: side 1: 4.014, side 2: -3.9293 | I61: good | J61: =""""&A61&"""" -> "07151218_0404" | K61: =DATE(2000+MID(A61,3,2),MID(A61,5,2),MID(A61,7,2))+TIME(MID(A61,10,2),MID(A61,12,2),0) -> 42356.169 | L61: =(K61-25569)*24*60 -> 24173524 | M61: ok | O61: =(VLOOKUP(K61,Sheet3!A:E,4)-VLOOKUP(K61,Sheet3!A:E,3))/(VLOOKUP(K61,Sheet3!A:E,2)-VLOOKUP(K61,Sheet3!A:E,1))*(K61-VLOOKUP(K61,Sheet3!A:E,1))+VLOOKUP(K61,Sheet3!A:E,3) -> 0.15155932 | P61: =IF(AND(O61>0.2,O61<0.7),"ok","bad") -> bad
A62: 07151218_0750 | B62: UMN | C62: 55 | D62: null | E62: 1000 | F62: 31 | G62: cf | H62: side 1: 4.014, side 2: -3.9293 | I62: good | J62: =""""&A62&"""" -> "07151218_0750" | K62: =DATE(2000+MID(A62,3,2),MID(A62,5,2),MID(A62,7,2))+TIME(MID(A62,10,2),MID(A62,12,2),0) -> 42356.326 | L62: =(K62-25569)*24*60 -> 24173750 | M62: ok | O62: =(VLOOKUP(K62,Sheet3!A:E,4)-VLOOKUP(K62,Sheet3!A:E,3))/(VLOOKUP(K62,Sheet3!A:E,2)-VLOOKUP(K62,Sheet3!A:E,1))*(K62-VLOOKUP(K62,Sheet3!A:E,1))+VLOOKUP(K62,Sheet3!A:E,3) -> 0.081652542 | P62: =IF(AND(O62>0.2,O62<0.7),"ok","bad") -> bad
A63: 07151209_1516 | B63: UMN | C63: 55 | D63: null | E63: 1000 | F63: 31 | G63: bg | H63: side 1: -3.999, side 2: 4.4872 | I63: good | J63: =""""&A63&"""" -> "07151209_1516" | K63: =DATE(2000+MID(A63,3,2),MID(A63,5,2),MID(A63,7,2))+TIME(MID(A63,10,2),MID(A63,12,2),0) -> 42347.636 | L63: =(K63-25569)*24*60 -> 24161236 | M63: ok | O63: =(VLOOKUP(K63,Sheet3!A:E,4)-VLOOKUP(K63,Sheet3!A:E,3))/(VLOOKUP(K63,Sheet3!A:E,2)-VLOOKUP(K63,Sheet3!A:E,1))*(K63-VLOOKUP(K63,Sheet3!A:E,1))+VLOOKUP(K63,Sheet3!A:E,3) -> 0.55826241 | P63: =IF(AND(O63>0.2,O63<0.7),"ok","bad") -> ok
A64: 07151209_1613 | B64: UMN | C64: 55 | D64: null | E64: 1000 | F64: 31 | G64: bg | H64: side 1: -3.999, side 2: 4.4872 | I64: good | J64: =""""&A64&"""" -> "07151209_1613" | K64: =DATE(2000+MID(A64,3,2),MID(A64,5,2),MID(A64,7,2))+TIME(MID(A64,10,2),MID(A64,12,2),0) -> 42347.676 | L64: =(K64-25569)*24*60 -> 24161293 | M64: ok | O64: =(VLOOKUP(K64,Sheet3!A:E,4)-VLOOKUP(K64,Sheet3!A:E,3))/(VLOOKUP(K64,Sheet3!A:E,2)-VLOOKUP(K64,Sheet3!A:E,1))*(K64-VLOOKUP(K64,Sheet3!A:E,1))+VLOOKUP(K64,Sheet3!A:E,3) -> 0.54532624 | P64: =IF(AND(O64>0.2,O64<0.7),"ok","bad") -> ok
A65: 07151209_1728 | B65: UMN | C65: 55 | D65: null | E65: 1000 | F65: 31 | G65: bg | H65: side 1: -3.999, side 2: 4.4872 | I65: good | J65: =""""&A65&"""" -> "07151209_1728" | K65: =DATE(2000+MID(A65,3,2),MID(A65,5,2),MID(A65,7,2))+TIME(MID(A65,10,2),MID(A65,12,2),0) -> 42347.728 | L65: =(K65-25569)*24*60 -> 24161368 | M65: ok | O65: =(VLOOKUP(K65,Sheet3!A:E,4)-VLOOKUP(K65,Sheet3!A:E,3))/(VLOOKUP(K65,Sheet3!A:E,2)-VLOOKUP(K65,Sheet3!A:E,1))*(K65-VLOOKUP(K65,Sheet3!A:E,1))+VLOOKUP(K65,Sheet3!A:E,3) -> 0.52830496 | P65: =IF(AND(O65>0.2,O65<0.7),"ok","bad") -> ok
A66: 07151209_1824 | B66: UMN | C66: 55 | D66: null | E66: 1000 | F66: 31 | G66: bg | H66: side 1: -3.999, side 2: 4.4872 | I66: good | J66: =""""&A66&"""" -> "07151209_1824" | K66: =DATE(2000+MID(A66,3,2),MID(A66,5,2),MID(A66,7,2))+TIME(MID(A66,10,2),MID(A66,12,2),0) -> 42347.767 | L66: =(K66-25569)*24*60 -> 24161424 | M66: ok | O66: =(VLOOKUP(K66,Sheet3!A:E,4)-VLOOKUP(K66,Sheet3!A:E,3))/(VLOOKUP(K66,Sheet3!A:E,2)-VLOOKUP(K66,Sheet3!A:E,1))*(K66-VLOOKUP(K66,Sheet3!A:E,1))+VLOOKUP(K66,Sheet3!A:E,3) -> 0.51559574 | P66: =IF(AND(O66>0.2,O66<0.7),"ok","bad") -> ok
A67: 07151209_1921 | B67: UMN | C67: 55 | D67: null | E67: 1000 | F67: 31 | G67: bg | H67: side 1: -3.999, side 2: 4.4872 | I67: good | J67: =""""&A67&"""" -> "07151209_1921" | K67: =DATE(2000+MID(A67,3,2),MID(A67,5,2),MID(A67,7,2))+TIME(MID(A67,10,2),MID(A67,12,2),0) -> 42347.806 | L67: =(K67-25569)*24*60 -> 24161481 | M67: ok | O67: =(VLOOKUP(K67,Sheet3!A:E,4)-VLOOKUP(K67,Sheet3!A:E,3))/(VLOOKUP(K67,Sheet3!A:E,2)-VLOOKUP(K67,Sheet3!A:E,1))*(K67-VLOOKUP(K67,Sheet3!A:E,1))+VLOOKUP(K67,Sheet3!A:E,3) -> 0.50265957 | P67: =IF(AND(O67>0.2,O67<0.7),"ok","bad") -> ok
A68: 07151209_2018 | B68: UMN | C68: 55 | D68: null | E68: 1000 | F68: 31 | G68: bg | H68: side 1: -3.999, side 2: 4.4872 | I68: good | J68: =""""&A68&"""" -> "07151209_2018" | K68: =DATE(2000+MID(A68,3,2),MID(A68,5,2),MID(A68,7,2))+TIME(MID(A68,10,2),MID(A68,12,2),0) -> 42347.846 | L68: =(K68-25569)*24*60 -> 24161538 | M68: ok | O68: =(VLOOKUP(K68,Sheet3!A:E,4)-VLOOKUP(K68,Sheet3!A:E,3))/(VLOOKUP(K68,Sheet3!A:E,2)-VLOOKUP(K68,Sheet3!A:E,1))*(K68-VLOOKUP(K68,Sheet3!A:E,1))+VLOOKUP(K68,Sheet3!A:E,3) -> 0.4897234 | P68: =IF(AND(O68>0.2,O68<0.7),"ok","bad") -> ok
A69: 07151209_2114 | B69: UMN | C69: 55 | D69: null | E69: 1000 | F69: 31 | G69: bg | H69: side 1: -3.999, side 2: 4.4872 | I69: good | J69: =""""&A69&"""" -> "07151209_2114" | K69: =DATE(2000+MID(A69,3,2),MID(A69,5,2),MID(A69,7,2))+TIME(MID(A69,10,2),MID(A69,12,2),0) -> 42347.885 | L69: =(K69-25569)*24*60 -> 24161594 | M69: ok | O69: =(VLOOKUP(K69,Sheet3!A:E,4)-VLOOKUP(K69,Sheet3!A:E,3))/(VLOOKUP(K69,Sheet3!A:E,2)-VLOOKUP(K69,Sheet3!A:E,1))*(K69-VLOOKUP(K69,Sheet3!A:E,1))+VLOOKUP(K69,Sheet3!A:E,3) -> 0.47701418 | P69: =IF(AND(O69>0.2,O69<0.7),"ok","bad") -> ok
A70: 07151209_2211 | B70: UMN | C70: 55 | D70: null | E70: 1000 | F70: 31 | G70: bg | H70: side 1: -3.999, side 2: 4.4872 | I70: good | J70: =""""&A70&"""" -> "07151209_2211" | K70: =DATE(2000+MID(A70,3,2),MID(A70,5,2),MID(A70,7,2))+TIME(MID(A70,10,2),MID(A70,12,2),0) -> 42347.924 | L70: =(K70-25569)*24*60 -> 24161651 | M70: ok | O70: =(VLOOKUP(K70,Sheet3!A:E,4)-VLOOKUP(K70,Sheet3!A:E,3))/(VLOOKUP(K70,Sheet3!A:E,2)-VLOOKUP(K70,Sheet3!A:E,1))*(K70-VLOOKUP(K70,Sheet3!A:E,1))+VLOOKUP(K70,Sheet3!A:E,3) -> 0.46407801 | P70: =IF(AND(O70>0.2,O70<0.7),"ok","bad") -> ok
... A75: 07151210_0255 | B75: UMN | C75: 55 | D75: null | E75: 1000 | F75: 31 | G75: bg | H75: side 1: -3.999, side 2: 4.4872 | I75: good | J75: =""""&A75&"""" -> "07151210_0255" | K75: =DATE(2000+MID(A75,3,2),MID(A75,5,2),MID(A75,7,2))+TIME(MID(A75,10,2),MID(A75,12,2),0) -> 42348.122 | L75: =(K75-25569)*24*60 -> 24161935 | M75: ok | O75: =(VLOOKUP(K75,Sheet3!A:E,4)-VLOOKUP(K75,Sheet3!A:E,3))/(VLOOKUP(K75,Sheet3!A:E,2)-VLOOKUP(K75,Sheet3!A:E,1))*(K75-VLOOKUP(K75,Sheet3!A:E,1))+VLOOKUP(K75,Sheet3!A:E,3) -> 0.39962411 | P75: =IF(AND(O75>0.2,O75<0.7),"ok","bad") -> ok
A76: 07151210_0351 | B76: UMN | C76: 55 | D76: null | E76: 1000 | F76: 31 | G76: bg | H76: side 1: -3.999, side 2: 4.4872 | I76: good | J76: =""""&A76&"""" -> "07151210_0351" | K76: =DATE(2000+MID(A76,3,2),MID(A76,5,2),MID(A76,7,2))+TIME(MID(A76,10,2),MID(A76,12,2),0) -> 42348.16 | L76: =(K76-25569)*24*60 -> 24161991 | M76: ok | O76: =(VLOOKUP(K76,Sheet3!A:E,4)-VLOOKUP(K76,Sheet3!A:E,3))/(VLOOKUP(K76,Sheet3!A:E,2)-VLOOKUP(K76,Sheet3!A:E,1))*(K76-VLOOKUP(K76,Sheet3!A:E,1))+VLOOKUP(K76,Sheet3!A:E,3) -> 0.38691489 | P76: =IF(AND(O76>0.2,O76<0.7),"ok","bad") -> ok | Q76: =SUM(F76:F108)/60 -> 16.533333
A77: 07151212_0748 | B77: UMN | C77: 55 | D77: null | E77: 1000 | F77: 31 | G77: bg | H77: side 1: -3.999, side 2: 4.4872 | I77: good | J77: =""""&A77&"""" -> "07151212_0748" | K77: =DATE(2000+MID(A77,3,2),MID(A77,5,2),MID(A77,7,2))+TIME(MID(A77,10,2),MID(A77,12,2),0) -> 42350.325 | L77: =(K77-25569)*24*60 -> 24165108 | M77: ok | N77: 0.698875 | O77: =(VLOOKUP(K77,Sheet3!A:E,4)-VLOOKUP(K77,Sheet3!A:E,3))/(VLOOKUP(K77,Sheet3!A:E,2)-VLOOKUP(K77,Sheet3!A:E,1))*(K77-VLOOKUP(K77,Sheet3!A:E,1))+VLOOKUP(K77,Sheet3!A:E,3) -> 0.698875 | P77: =IF(AND(O77>0.2,O77<0.7),"ok","bad") -> ok
A78: 07151212_0845 | B78: UMN | C78: 55 | D78: null | E78: 1000 | F78: 31 | G78: bg | H78: side 1: -3.999, side 2: 4.4872 | I78: good | J78: =""""&A78&"""" -> "07151212_0845" | K78: =DATE(2000+MID(A78,3,2),MID(A78,5,2),MID(A78,7,2))+TIME(MID(A78,10,2),MID(A78,12,2),0) -> 42350.365 | L78: =(K78-25569)*24*60 -> 24165165 | M78: ok | N78: 0.68351172 | O78: =(VLOOKUP(K78,Sheet3!A:E,4)-VLOOKUP(K78,Sheet3!A:E,3))/(VLOOKUP(K78,Sheet3!A:E,2)-VLOOKUP(K78,Sheet3!A:E,1))*(K78-VLOOKUP(K78,Sheet3!A:E,1))+VLOOKUP(K78,Sheet3!A:E,3) -> 0.68351172 | P78: =IF(AND(O78>0.2,O78<0.7),"ok","bad") -> ok
A79: 07151212_0941 | B79: UMN | C79: 55 | D79: null | E79: 1000 | F79: 31 | G79: bg | H79: side 1: -3.999, side 2: 4.4872 | I79: good | J79: =""""&A79&"""" -> "07151212_0941" | K79: =DATE(2000+MID(A79,3,2),MID(A79,5,2),MID(A79,7,2))+TIME(MID(A79,10,2),MID(A79,12,2),0) -> 42350.403 | L79: =(K79-25569)*24*60 -> 24165221 | M79: ok | O79: =(VLOOKUP(K79,Sheet3!A:E,4)-VLOOKUP(K79,Sheet3!A:E,3))/(VLOOKUP(K79,Sheet3!A:E,2)-VLOOKUP(K79,Sheet3!A:E,1))*(K79-VLOOKUP(K79,Sheet3!A:E,1))+VLOOKUP(K79,Sheet3!A:E,3) -> 0.66841797 | P79: =IF(AND(O79>0.2,O79<0.7),"ok","bad") -> ok
A80: 07151212_1038 | B80: UMN | C80: 55 | D80: null | E80: 1000 | F80: 31 | G80: bg | H80: side 1: -3.999, side 2: 4.4872 | I80: good | J80: =""""&A80&"""" -> "07151212_1038" | K80: =DATE(2000+MID(A80,3,2),MID(A80,5,2),MID(A80,7,2))+TIME(MID(A80,10,2),MID(A80,12,2),0) -> 42350.443 | L80: =(K80-25569)*24*60 -> 24165278 | M80: ok | O80: =(VLOOKUP(K80,Sheet3!A:E,4)-VLOOKUP(K80,Sheet3!A:E,3))/(VLOOKUP(K80,Sheet3!A:E,2)-VLOOKUP(K80,Sheet3!A:E,1))*(K80-VLOOKUP(K80,Sheet3!A:E,1))+VLOOKUP(K80,Sheet3!A:E,3) -> 0.65305469 | P80: =IF(AND(O80>0.2,O80<0.7),"ok","bad") -> ok
A81: 07151212_1135 | B81: UMN | C81: 55 | D81: null | E81: 1000 | F81: 31 | G81: bg | H81: side 1: -3.999, side 2: 4.4872 | I81: good | J81: =""""&A81&"""" -> "07151212_1135" | K81: =DATE(2000+MID(A81,3,2),MID(A81,5,2),MID(A81,7,2))+TIME(MID(A81,10,2),MID(A81,12,2),0) -> 42350.483 | L81: =(K81-25569)*24*60 -> 24165335 | M81: ok | O81: =(VLOOKUP(K81,Sheet3!A:E,4)-VLOOKUP(K81,Sheet3!A:E,3))/(VLOOKUP(K81,Sheet3!A:E,2)-VLOOKUP(K81,Sheet3!A:E,1))*(K81-VLOOKUP(K81,Sheet3!A:E,1))+VLOOKUP(K81,Sheet3!A:E,3) -> 0.63769141 | P81: =IF(AND(O81>0.2,O81<0.7),"ok","bad") -> ok
A82: 07151212_1231 | B82: UMN | C82: 55 | D82: null | E82: 1000 | F82: 31 | G82: bg | H82: side 1: -3.999, side 2: 4.4872 | I82: good | J82: =""""&A82&"""" -> "07151212_1231" | K82: =DATE(2000+MID(A82,3,2),MID(A82,5,2),MID(A82,7,2))+TIME(MID(A82,10,2),MID(A82,12,2),0) -> 42350.522 | L82: =(K82-25569)*24*60 -> 24165391 | M82: ok | O82: =(VLOOKUP(K82,Sheet3!A:E,4)-VLOOKUP(K82,Sheet3!A:E,3))/(VLOOKUP(K82,Sheet3!A:E,2)-VLOOKUP(K82,Sheet3!A:E,1))*(K82-VLOOKUP(K82,Sheet3!A:E,1))+VLOOKUP(K82,Sheet3!A:E,3) -> 0.62259766 | P82: =IF(AND(O82>0.2,O82<0.7),"ok","bad") -> ok
A83: 07151212_1328 | B83: UMN | C83: 55 | D83: null | E83: 1000 | F83: 31 | G83: bg | H83: side 1: -3.999, side 2: 4.4872 | I83: good | J83: =""""&A83&"""" -> "07151212_1328" | K83: =DATE(2000+MID(A83,3,2),MID(A83,5,2),MID(A83,7,2))+TIME(MID(A83,10,2),MID(A83,12,2),0) -> 42350.561 | L83: =(K83-25569)*24*60 -> 24165448 | M83: ok | O83: =(VLOOKUP(K83,Sheet3!A:E,4)-VLOOKUP(K83,Sheet3!A:E,3))/(VLOOKUP(K83,Sheet3!A:E,2)-VLOOKUP(K83,Sheet3!A:E,1))*(K83-VLOOKUP(K83,Sheet3!A:E,1))+VLOOKUP(K83,Sheet3!A:E,3) -> 0.60723437 | P83: =IF(AND(O83>0.2,O83<0.7),"ok","bad") -> ok
A84: 07151212_1424 | B84: UMN | C84: 55 | D84: null | E84: 1000 | F84: 31 | G84: bg | H84: side 1: -3.999, side 2: 4.4872 | I84: good | J84: =""""&A84&"""" -> "07151212_1424" | K84: =DATE(2000+MID(A84,3,2),MID(A84,5,2),MID(A84,7,2))+TIME(MID(A84,10,2),MID(A84,12,2),0) -> 42350.6 | L84: =(K84-25569)*24*60 -> 24165504 | M84: ok | O84: =(VLOOKUP(K84,Sheet3!A:E,4)-VLOOKUP(K84,Sheet3!A:E,3))/(VLOOKUP(K84,Sheet3!A:E,2)-VLOOKUP(K84,Sheet3!A:E,1))*(K84-VLOOKUP(K84,Sheet3!A:E,1))+VLOOKUP(K84,Sheet3!A:E,3) -> 0.58979528 | P84: =IF(AND(O84>0.2,O84<0.7),"ok","bad") -> ok
A85: 07151212_1521 | B85: UMN | C85: 55 | D85: null | E85: 1000 | F85: 31 | G85: bg | H85: side 1: -3.999, side 2: 4.4872 | I85: good | J85: =""""&A85&"""" -> "07151212_1521" | K85: =DATE(2000+MID(A85,3,2),MID(A85,5,2),MID(A85,7,2))+TIME(MID(A85,10,2),MID(A85,12,2),0) -> 42350.64 | L85: =(K85-25569)*24*60 -> 24165561 | M85: ok | O85: =(VLOOKUP(K85,Sheet3!A:E,4)-VLOOKUP(K85,Sheet3!A:E,3))/(VLOOKUP(K85,Sheet3!A:E,2)-VLOOKUP(K85,Sheet3!A:E,1))*(K85-VLOOKUP(K85,Sheet3!A:E,1))+VLOOKUP(K85,Sheet3!A:E,3) -> 0.5713937 | P85: =IF(AND(O85>0.2,O85<0.7),"ok","bad") -> ok
A86: 07151212_1618 | B86: UMN | C86: 55 | D86: null | E86: 1000 | F86: 31 | G86: bg | H86: side 1: -3.999, side 2: 4.4872 | I86: good | J86: =""""&A86&"""" -> "07151212_1618" | K86: =DATE(2000+MID(A86,3,2),MID(A86,5,2),MID(A86,7,2))+TIME(MID(A86,10,2),MID(A86,12,2),0) -> 42350.679 | L86: =(K86-25569)*24*60 -> 24165618 | M86: ok | O86: =(VLOOKUP(K86,Sheet3!A:E,4)-VLOOKUP(K86,Sheet3!A:E,3))/(VLOOKUP(K86,Sheet3!A:E,2)-VLOOKUP(K86,Sheet3!A:E,1))*(K86-VLOOKUP(K86,Sheet3!A:E,1))+VLOOKUP(K86,Sheet3!A:E,3) -> 0.55299213 | P86: =IF(AND(O86>0.2,O86<0.7),"ok","bad") -> ok
A87: 07151212_1714 | B87: UMN | C87: 55 | D87: null | E87: 1000 | F87: 31 | G87: bg | H87: side 1: -3.999, side 2: 4.4872 | I87: good | J87: =""""&A87&"""" -> "07151212_1714" | K87: =DATE(2000+MID(A87,3,2),MID(A87,5,2),MID(A87,7,2))+TIME(MID(A87,10,2),MID(A87,12,2),0) -> 42350.718 | L87: =(K87-25569)*24*60 -> 24165674 | M87: ok | O87: =(VLOOKUP(K87,Sheet3!A:E,4)-VLOOKUP(K87,Sheet3!A:E,3))/(VLOOKUP(K87,Sheet3!A:E,2)-VLOOKUP(K87,Sheet3!A:E,1))*(K87-VLOOKUP(K87,Sheet3!A:E,1))+VLOOKUP(K87,Sheet3!A:E,3) -> 0.53491339 | P87: =IF(AND(O87>0.2,O87<0.7),"ok","bad") -> ok
A88: 07151212_1811 | B88: UMN | C88: 55 | D88: null | E88: 1000 | F88: 31 | G88: bg | H88: side 1: -3.999, side 2: 4.4872 | I88: good | J88: =""""&A88&"""" -> "07151212_1811" | K88: =DATE(2000+MID(A88,3,2),MID(A88,5,2),MID(A88,7,2))+TIME(MID(A88,10,2),MID(A88,12,2),0) -> 42350.758 | L88: =(K88-25569)*24*60 -> 24165731 | M88: ok | O88: =(VLOOKUP(K88,Sheet3!A:E,4)-VLOOKUP(K88,Sheet3!A:E,3))/(VLOOKUP(K88,Sheet3!A:E,2)-VLOOKUP(K88,Sheet3!A:E,1))*(K88-VLOOKUP(K88,Sheet3!A:E,1))+VLOOKUP(K88,Sheet3!A:E,3) -> 0.51651181 | P88: =IF(AND(O88>0.2,O88<0.7),"ok","bad") -> ok
A89: 07151212_1908 | B89: UMN | C89: 55 | D89: null | E89: 1000 | F89: 31 | G89: bg | H89: side 1: -3.999, side 2: 4.4872 | I89: good | J89: =""""&A89&"""" -> "07151212_1908" | K89: =DATE(2000+MID(A89,3,2),MID(A89,5,2),MID(A89,7,2))+TIME(MID(A89,10,2),MID(A89,12,2),0) -> 42350.797 | L89: =(K89-25569)*24*60 -> 24165788 | M89: ok | O89: =(VLOOKUP(K89,Sheet3!A:E,4)-VLOOKUP(K89,Sheet3!A:E,3))/(VLOOKUP(K89,Sheet3!A:E,2)-VLOOKUP(K89,Sheet3!A:E,1))*(K89-VLOOKUP(K89,Sheet3!A:E,1))+VLOOKUP(K89,Sheet3!A:E,3) -> 0.49811024 | P89: =IF(AND(O89>0.2,O89<0.7),"ok","bad") -> ok
A90: 07151212_2004 | B90: UMN | C90: 55 | D90: null | E90: 1000 | F90: 31 | G90: bg | H90: side 1: -3.999, side 2: 4.4872 | I90: good | J90: =""""&A90&"""" -> "07151212_2004" | K90: =DATE(2000+MID(A90,3,2),MID(A90,5,2),MID(A90,7,2))+TIME(MID(A90,10,2),MID(A90,12,2),0) -> 42350.836 | L90: =(K90-25569)*24*60 -> 24165844 | M90: ok | O90: =(VLOOKUP(K90,Sheet3!A:E,4)-VLOOKUP(K90,Sheet3!A:E,3))/(VLOOKUP(K90,Sheet3!A:E,2)-VLOOKUP(K90,Sheet3!A:E,1))*(K90-VLOOKUP(K90,Sheet3!A:E,1))+VLOOKUP(K90,Sheet3!A:E,3) -> 0.4800315 | P90: =IF(AND(O90>0.2,O90<0.7),"ok","bad") -> ok
... A94: 07151212_2351 | B94: UMN | C94: 55 | D94: null | E94: 1000 | F94: 31 | G94: bg | H94: side 1: -3.999, side 2: 4.4872 | I94: good | J94: =""""&A94&"""" -> "07151212_2351" | K94: =DATE(2000+MID(A94,3,2),MID(A94,5,2),MID(A94,7,2))+TIME(MID(A94,10,2),MID(A94,12,2),0) -> 42350.994 | L94: =(K94-25569)*24*60 -> 24166071 | M94: ok | O94: =(VLOOKUP(K94,Sheet3!A:E,4)-VLOOKUP(K94,Sheet3!A:E,3))/(VLOOKUP(K94,Sheet3!A:E,2)-VLOOKUP(K94,Sheet3!A:E,1))*(K94-VLOOKUP(K94,Sheet3!A:E,1))+VLOOKUP(K94,Sheet3!A:E,3) -> 0.40674803 | P94: =IF(AND(O94>0.2,O94<0.7),"ok","bad") -> ok
A95: 07151213_0047 | B95: UMN | C95: 55 | D95: null | E95: 1000 | F95: null | G95: bg | H95: side 1: -3.999, side 2: 4.4872 | I95: good | J95: =""""&A95&"""" -> "07151213_0047" | K95: =DATE(2000+MID(A95,3,2),MID(A95,5,2),MID(A95,7,2))+TIME(MID(A95,10,2),MID(A95,12,2),0) -> 42351.033 | L95: =(K95-25569)*24*60 -> 24166127 | M95: ok | O95: =(VLOOKUP(K95,Sheet3!A:E,4)-VLOOKUP(K95,Sheet3!A:E,3))/(VLOOKUP(K95,Sheet3!A:E,2)-VLOOKUP(K95,Sheet3!A:E,1))*(K95-VLOOKUP(K95,Sheet3!A:E,1))+VLOOKUP(K95,Sheet3!A:E,3) -> 0.38866929 | P95: =IF(AND(O95>0.2,O95<0.7),"ok","bad") -> ok | Q95: 33
A96: 07151210_2003 | B96: UMN | C96: 55 | D96: null | E96: 1000 | F96: 31 | G96: bg | H96: side 1: 4.014, side 2: -3.9293 | I96: good | J96: =""""&A96&"""" -> "07151210_2003" | K96: =DATE(2000+MID(A96,3,2),MID(A96,5,2),MID(A96,7,2))+TIME(MID(A96,10,2),MID(A96,12,2),0) -> 42348.835 | L96: =(K96-25569)*24*60 -> 24162963 | M96: ok | O96: =(VLOOKUP(K96,Sheet3!A:E,4)-VLOOKUP(K96,Sheet3!A:E,3))/(VLOOKUP(K96,Sheet3!A:E,2)-VLOOKUP(K96,Sheet3!A:E,1))*(K96-VLOOKUP(K96,Sheet3!A:E,1))+VLOOKUP(K96,Sheet3!A:E,3) -> 0.69181682 | P96: =IF(AND(O96>0.2,O96<0.7),"ok","bad") -> ok
A97: 07151210_2059 | B97: UMN | C97: 55 | D97: null | E97: 1000 | F97: 31 | G97: bg | H97: side 1: 4.014, side 2: -3.9293 | I97: good | J97: =""""&A97&"""" -> "07151210_2059" | K97: =DATE(2000+MID(A97,3,2),MID(A97,5,2),MID(A97,7,2))+TIME(MID(A97,10,2),MID(A97,12,2),0) -> 42348.874 | L97: =(K97-25569)*24*60 -> 24163019 | M97: ok | O97: =(VLOOKUP(K97,Sheet3!A:E,4)-VLOOKUP(K97,Sheet3!A:E,3))/(VLOOKUP(K97,Sheet3!A:E,2)-VLOOKUP(K97,Sheet3!A:E,1))*(K97-VLOOKUP(K97,Sheet3!A:E,1))+VLOOKUP(K97,Sheet3!A:E,3) -> 0.6747028 | P97: =IF(AND(O97>0.2,O97<0.7),"ok","bad") -> ok
A98: 07151210_2156 | B98: UMN | C98: 55 | D98: null | E98: 1000 | F98: 31 | G98: bg | H98: side 1: 4.014, side 2: -3.9293 | I98: good | J98: =""""&A98&"""" -> "07151210_2156" | K98: =DATE(2000+MID(A98,3,2),MID(A98,5,2),MID(A98,7,2))+TIME(MID(A98,10,2),MID(A98,12,2),0) -> 42348.914 | L98: =(K98-25569)*24*60 -> 24163076 | M98: ok | O98: =(VLOOKUP(K98,Sheet3!A:E,4)-VLOOKUP(K98,Sheet3!A:E,3))/(VLOOKUP(K98,Sheet3!A:E,2)-VLOOKUP(K98,Sheet3!A:E,1))*(K98-VLOOKUP(K98,Sheet3!A:E,1))+VLOOKUP(K98,Sheet3!A:E,3) -> 0.65728318 | P98: =IF(AND(O98>0.2,O98<0.7),"ok","bad") -> ok
A99: 07151210_2253 | B99: UMN | C99: 55 | D99: null | E99: 1000 | F99: 31 | G99: bg | H99: side 1: 4.014, side 2: -3.9293 | I99: good | J99: =""""&A99&"""" -> "07151210_2253" | K99: =DATE(2000+MID(A99,3,2),MID(A99,5,2),MID(A99,7,2))+TIME(MID(A99,10,2),MID(A99,12,2),0) -> 42348.953 | L99: =(K99-25569)*24*60 -> 24163133 | M99: ok | O99: =(VLOOKUP(K99,Sheet3!A:E,4)-VLOOKUP(K99,Sheet3!A:E,3))/(VLOOKUP(K99,Sheet3!A:E,2)-VLOOKUP(K99,Sheet3!A:E,1))*(K99-VLOOKUP(K99,Sheet3!A:E,1))+VLOOKUP(K99,Sheet3!A:E,3) -> 0.63986355 | P99: =IF(AND(O99>0.2,O99<0.7),"ok","bad") -> ok
A100: 07151210_2349 | B100: UMN | C100: 55 | D100: null | E100: 1000 | F100: 31 | G100: bg | H100: side 1: 4.014, side 2: -3.9293 | I100: good | J100: =""""&A100&"""" -> "07151210_2349" | K100: =DATE(2000+MID(A100,3,2),MID(A100,5,2),MID(A100,7,2))+TIME(MID(A100,10,2),MID(A100,12,2),0) -> 42348.992 | L100: =(K100-25569)*24*60 -> 24163189 | M100: ok | O100: =(VLOOKUP(K100,Sheet3!A:E,4)-VLOOKUP(K100,Sheet3!A:E,3))/(VLOOKUP(K100,Sheet3!A:E,2)-VLOOKUP(K100,Sheet3!A:E,1))*(K100-VLOOKUP(K100,Sheet3!A:E,1))+VLOOKUP(K100,Sheet3!A:E,3) -> 0.62274953 | P100: =IF(AND(O100>0.2,O100<0.7),"ok","bad") -> ok
A101: 07151211_0046 | B101: UMN | C101: 55 | D101: null | E101: 1000 | F101: 31 | G101: bg | H101: side 1: 4.014, side 2: -3.9293 | I101: good | J101: =""""&A101&"""" -> "07151211_0046" | K101: =DATE(2000+MID(A101,3,2),MID(A101,5,2),MID(A101,7,2))+TIME(MID(A101,10,2),MID(A101,12,2),0) -> 42349.032 | L101: =(K101-25569)*24*60 -> 24163246 | M101: ok | O101: =(VLOOKUP(K101,Sheet3!A:E,4)-VLOOKUP(K101,Sheet3!A:E,3))/(VLOOKUP(K101,Sheet3!A:E,2)-VLOOKUP(K101,Sheet3!A:E,1))*(K101-VLOOKUP(K101,Sheet3!A:E,1))+VLOOKUP(K101,Sheet3!A:E,3) -> 0.60532991 | P101: =IF(AND(O101>0.2,O101<0.7),"ok","bad") -> ok
A102: 07151211_0142 | B102: UMN | C102: 55 | D102: null | E102: 1000 | F102: 31 | G102: bg | H102: side 1: 4.014, side 2: -3.9293 | I102: good | J102: =""""&A102&"""" -> "07151211_0142" | K102: =DATE(2000+MID(A102,3,2),MID(A102,5,2),MID(A102,7,2))+TIME(MID(A102,10,2),MID(A102,12,2),0) -> 42349.071 | L102: =(K102-25569)*24*60 -> 24163302 | M102: ok | O102: =(VLOOKUP(K102,Sheet3!A:E,4)-VLOOKUP(K102,Sheet3!A:E,3))/(VLOOKUP(K102,Sheet3!A:E,2)-VLOOKUP(K102,Sheet3!A:E,1))*(K102-VLOOKUP(K102,Sheet3!A:E,1))+VLOOKUP(K102,Sheet3!A:E,3) -> 0.58821589 | P102: =IF(AND(O102>0.2,O102<0.7),"ok","bad") -> ok
A103: 07151211_0239 | B103: UMN | C103: 55 | D103: null | E103: 1000 | F103: 31 | G103: bg | H103: side 1: 4.014, side 2: -3.9293 | I103: good | J103: =""""&A103&"""" -> "07151211_0239" | K103: =DATE(2000+MID(A103,3,2),MID(A103,5,2),MID(A103,7,2))+TIME(MID(A103,10,2),MID(A103,12,2),0) -> 42349.11 | L103: =(K103-25569)*24*60 -> 24163359 | M103: ok | O103: =(VLOOKUP(K103,Sheet3!A:E,4)-VLOOKUP(K103,Sheet3!A:E,3))/(VLOOKUP(K103,Sheet3!A:E,2)-VLOOKUP(K103,Sheet3!A:E,1))*(K103-VLOOKUP(K103,Sheet3!A:E,1))+VLOOKUP(K103,Sheet3!A:E,3) -> 0.57079626 | P103: =IF(AND(O103>0.2,O103<0.7),"ok","bad") -> ok
A104: 07151211_0336 | B104: UMN | C104: 55 | D104: null | E104: 1000 | F104: 31 | G104: bg | H104: side 1: 4.014, side 2: -3.9293 | I104: good | J104: =""""&A104&"""" -> "07151211_0336" | K104: =DATE(2000+MID(A104,3,2),MID(A104,5,2),MID(A104,7,2))+TIME(MID(A104,10,2),MID(A104,12,2),0) -> 42349.15 | L104: =(K104-25569)*24*60 -> 24163416 | M104: ok | O104: =(VLOOKUP(K104,Sheet3!A:E,4)-VLOOKUP(K104,Sheet3!A:E,3))/(VLOOKUP(K104,Sheet3!A:E,2)-VLOOKUP(K104,Sheet3!A:E,1))*(K104-VLOOKUP(K104,Sheet3!A:E,1))+VLOOKUP(K104,Sheet3!A:E,3) -> 0.55337664 | P104: =IF(AND(O104>0.2,O104<0.7),"ok","bad") -> ok
A105: 07151211_0432 | B105: UMN | C105: 55 | D105: null | E105: 1000 | F105: 31 | G105: bg | H105: side 1: 4.014, side 2: -3.9293 | I105: good | J105: =""""&A105&"""" -> "07151211_0432" | K105: =DATE(2000+MID(A105,3,2),MID(A105,5,2),MID(A105,7,2))+TIME(MID(A105,10,2),MID(A105,12,2),0) -> 42349.189 | L105: =(K105-25569)*24*60 -> 24163472 | M105: ok | O105: =(VLOOKUP(K105,Sheet3!A:E,4)-VLOOKUP(K105,Sheet3!A:E,3))/(VLOOKUP(K105,Sheet3!A:E,2)-VLOOKUP(K105,Sheet3!A:E,1))*(K105-VLOOKUP(K105,Sheet3!A:E,1))+VLOOKUP(K105,Sheet3!A:E,3) -> 0.53626262 | P105: =IF(AND(O105>0.2,O105<0.7),"ok","bad") -> ok
A106: 07151211_0529 | B106: UMN | C106: 55 | D106: null | E106: 1000 | F106: 31 | G106: bg | H106: side 1: 4.014, side 2: -3.9293 | I106: good | J106: =""""&A106&"""" -> "07151211_0529" | K106: =DATE(2000+MID(A106,3,2),MID(A106,5,2),MID(A106,7,2))+TIME(MID(A106,10,2),MID(A106,12,2),0) -> 42349.228 | L106: =(K106-25569)*24*60 -> 24163529 | M106: ok | O106: =(VLOOKUP(K106,Sheet3!A:E,4)-VLOOKUP(K106,Sheet3!A:E,3))/(VLOOKUP(K106,Sheet3!A:E,2)-VLOOKUP(K106,Sheet3!A:E,1))*(K106-VLOOKUP(K106,Sheet3!A:E,1))+VLOOKUP(K106,Sheet3!A:E,3) -> 0.51884299 | P106: =IF(AND(O106>0.2,O106<0.7),"ok","bad") -> ok
A107: 07151211_0626 | B107: UMN | C107: 55 | D107: null | E107: 1000 | F107: 31 | G107: bg | H107: side 1: 4.014, side 2: -3.9293 | I107: good | J107: =""""&A107&"""" -> "07151211_0626" | K107: =DATE(2000+MID(A107,3,2),MID(A107,5,2),MID(A107,7,2))+TIME(MID(A107,10,2),MID(A107,12,2),0) -> 42349.268 | L107: =(K107-25569)*24*60 -> 24163586 | M107: ok | O107: =(VLOOKUP(K107,Sheet3!A:E,4)-VLOOKUP(K107,Sheet3!A:E,3))/(VLOOKUP(K107,Sheet3!A:E,2)-VLOOKUP(K107,Sheet3!A:E,1))*(K107-VLOOKUP(K107,Sheet3!A:E,1))+VLOOKUP(K107,Sheet3!A:E,3) -> 0.50142336 | P107: =IF(AND(O107>0.2,O107<0.7),"ok","bad") -> ok
... A131: 07151216_0613 | B131: UMN | C131: 55 | D131: null | E131: 1000 | F131: 31 | G131: bg | H131: side 1: 4.014, side 2: -3.9293 | I131: good | J131: =""""&A131&"""" -> "07151216_0613" | K131: =DATE(2000+MID(A131,3,2),MID(A131,5,2),MID(A131,7,2))+TIME(MID(A131,10,2),MID(A131,12,2),0) -> 42354.259 | L131: =(K131-25569)*24*60 -> 24170773 | M131: ok | O131: =(VLOOKUP(K131,Sheet3!A:E,4)-VLOOKUP(K131,Sheet3!A:E,3))/(VLOOKUP(K131,Sheet3!A:E,2)-VLOOKUP(K131,Sheet3!A:E,1))*(K131-VLOOKUP(K131,Sheet3!A:E,1))+VLOOKUP(K131,Sheet3!A:E,3) -> 0.25722245 | P131: =IF(AND(O131>0.2,O131<0.7),"ok","bad") -> ok
A132: 07151216_0705 | B132: UMN | C132: 55 | D132: null | E132: 1000 | F132: 31 | G132: bg | H132: side 1: 4.014, side 2: -3.9293 | I132: good | J132: =""""&A132&"""" -> "07151216_0705" | K132: =DATE(2000+MID(A132,3,2),MID(A132,5,2),MID(A132,7,2))+TIME(MID(A132,10,2),MID(A132,12,2),0) -> 42354.295 | L132: =(K132-25569)*24*60 -> 24170825 | M132: ok | O132: =(VLOOKUP(K132,Sheet3!A:E,4)-VLOOKUP(K132,Sheet3!A:E,3))/(VLOOKUP(K132,Sheet3!A:E,2)-VLOOKUP(K132,Sheet3!A:E,1))*(K132-VLOOKUP(K132,Sheet3!A:E,1))+VLOOKUP(K132,Sheet3!A:E,3) -> 0.24029592 | P132: =IF(AND(O132>0.2,O132<0.7),"ok","bad") -> ok | Q132: 38
A133: 07151216_0756 | B133: UMN | C133: 55 | D133: null | E133: 1000 | F133: 31 | G133: bg | H133: side 1: 4.014, side 2: -3.9293 | I133: good | J133: =""""&A133&"""" -> "07151216_0756" | K133: =DATE(2000+MID(A133,3,2),MID(A133,5,2),MID(A133,7,2))+TIME(MID(A133,10,2),MID(A133,12,2),0) -> 42354.331 | L133: =(K133-25569)*24*60 -> 24170876 | M133: ok | O133: =(VLOOKUP(K133,Sheet3!A:E,4)-VLOOKUP(K133,Sheet3!A:E,3))/(VLOOKUP(K133,Sheet3!A:E,2)-VLOOKUP(K133,Sheet3!A:E,1))*(K133-VLOOKUP(K133,Sheet3!A:E,1))+VLOOKUP(K133,Sheet3!A:E,3) -> 0.2236949 | P133: =IF(AND(O133>0.2,O133<0.7),"ok","bad") -> ok | Q133: =SUM(F133:F170)/60 -> 14.216667
A134: 07151217_1120 | B134: UMN | C134: 55 | D134: null | E134: 1000 | F134: 2 | G134: cf | H134: side 1: 0, side 2: 0 | I134: good | J134: =""""&A134&"""" -> "07151217_1120" | K134: =DATE(2000+MID(A134,3,2),MID(A134,5,2),MID(A134,7,2))+TIME(MID(A134,10,2),MID(A134,12,2),0) -> 42355.472 | L134: =(K134-25569)*24*60 -> 24172520 | M134: ok | O134: =(VLOOKUP(K134,Sheet3!A:E,4)-VLOOKUP(K134,Sheet3!A:E,3))/(VLOOKUP(K134,Sheet3!A:E,2)-VLOOKUP(K134,Sheet3!A:E,1))*(K134-VLOOKUP(K134,Sheet3!A:E,1))+VLOOKUP(K134,Sheet3!A:E,3) -> 0.46376923 | P134: =IF(AND(O134>0.2,O134<0.7),"ok","bad") -> ok
A135: 07151217_1123 | B135: UMN | C135: 55 | D135: null | E135: 1000 | F135: 1 | G135: cf | H135: side 1: 0, side 2: 0 | I135: good | J135: =""""&A135&"""" -> "07151217_1123" | K135: =DATE(2000+MID(A135,3,2),MID(A135,5,2),MID(A135,7,2))+TIME(MID(A135,10,2),MID(A135,12,2),0) -> 42355.474 | L135: =(K135-25569)*24*60 -> 24172523 | M135: ok | O135: =(VLOOKUP(K135,Sheet3!A:E,4)-VLOOKUP(K135,Sheet3!A:E,3))/(VLOOKUP(K135,Sheet3!A:E,2)-VLOOKUP(K135,Sheet3!A:E,1))*(K135-VLOOKUP(K135,Sheet3!A:E,1))+VLOOKUP(K135,Sheet3!A:E,3) -> 0.46284615 | P135: =IF(AND(O135>0.2,O135<0.7),"ok","bad") -> ok
A136: 07151216_2135 | B136: UMN | C136: 55 | D136: null | E136: 1000 | F136: 31 | G136: cf | H136: side 1: -3.999, side 2: 4.4872 | I136: good | J136: =""""&A136&"""" -> "07151216_2135" | K136: =DATE(2000+MID(A136,3,2),MID(A136,5,2),MID(A136,7,2))+TIME(MID(A136,10,2),MID(A136,12,2),0) -> 42354.899 | L136: =(K136-25569)*24*60 -> 24171695 | M136: ok | N136: 0.74 | O136: =(VLOOKUP(K136,Sheet3!A:E,4)-VLOOKUP(K136,Sheet3!A:E,3))/(VLOOKUP(K136,Sheet3!A:E,2)-VLOOKUP(K136,Sheet3!A:E,1))*(K136-VLOOKUP(K136,Sheet3!A:E,1))+VLOOKUP(K136,Sheet3!A:E,3) -> 0.69284893 | P136: =IF(AND(O136>0.2,O136<0.7),"ok","bad") -> ok
A137: 07151216_2232 | B137: UMN | C137: 55 | D137: null | E137: 1000 | F137: 31 | G137: cf | H137: side 1: -3.999, side 2: 4.4872 | I137: good | J137: =""""&A137&"""" -> "07151216_2232" | K137: =DATE(2000+MID(A137,3,2),MID(A137,5,2),MID(A137,7,2))+TIME(MID(A137,10,2),MID(A137,12,2),0) -> 42354.939 | L137: =(K137-25569)*24*60 -> 24171752 | M137: ok | N137: 0.7275 | O137: =(VLOOKUP(K137,Sheet3!A:E,4)-VLOOKUP(K137,Sheet3!A:E,3))/(VLOOKUP(K137,Sheet3!A:E,2)-VLOOKUP(K137,Sheet3!A:E,1))*(K137-VLOOKUP(K137,Sheet3!A:E,1))+VLOOKUP(K137,Sheet3!A:E,3) -> 0.67743331 | P137: =IF(AND(O137>0.2,O137<0.7),"ok","bad") -> ok
A138: 07151216_2328 | B138: UMN | C138: 55 | D138: null | E138: 1000 | F138: 31 | G138: cf | H138: side 1: -3.999, side 2: 4.4872 | I138: good | J138: =""""&A138&"""" -> "07151216_2328" | K138: =DATE(2000+MID(A138,3,2),MID(A138,5,2),MID(A138,7,2))+TIME(MID(A138,10,2),MID(A138,12,2),0) -> 42354.978 | L138: =(K138-25569)*24*60 -> 24171808 | M138: ok | N138: 0.715 | O138: =(VLOOKUP(K138,Sheet3!A:E,4)-VLOOKUP(K138,Sheet3!A:E,3))/(VLOOKUP(K138,Sheet3!A:E,2)-VLOOKUP(K138,Sheet3!A:E,1))*(K138-VLOOKUP(K138,Sheet3!A:E,1))+VLOOKUP(K138,Sheet3!A:E,3) -> 0.66228814 | P138: =IF(AND(O138>0.2,O138<0.7),"ok","bad") -> ok
A139: 07151217_0025 | B139: UMN | C139: 55 | D139: null | E139: 1000 | F139: 31 | G139: cf | H139: side 1: -3.999, side 2: 4.4872 | I139: good | J139: =""""&A139&"""" -> "07151217_0025" | K139: =DATE(2000+MID(A139,3,2),MID(A139,5,2),MID(A139,7,2))+TIME(MID(A139,10,2),MID(A139,12,2),0) -> 42355.017 | L139: =(K139-25569)*24*60 -> 24171865 | M139: ok | N139: 0.7025 | O139: =(VLOOKUP(K139,Sheet3!A:E,4)-VLOOKUP(K139,Sheet3!A:E,3))/(VLOOKUP(K139,Sheet3!A:E,2)-VLOOKUP(K139,Sheet3!A:E,1))*(K139-VLOOKUP(K139,Sheet3!A:E,1))+VLOOKUP(K139,Sheet3!A:E,3) -> 0.64687251 | P139: =IF(AND(O139>0.2,O139<0.7),"ok","bad") -> ok
...

Sheet Sheet2
A4: series | B4: facility | C4: run number | D4: events per file | E4: randoms | F4: duration | G4: data type | H4: bias | I4: diagnosis | J4: seriesid string | K4: date/time | L4: list
A5: 07151208_1609 | B5: UMN | C5: 55 | D5: 2000 | E5: 1000 | F5: 30 | G5: bg | H5: side 1: -4, side 2: 4 | I5: good | J5: =""""&A5&"""" -> "07151208_1609" | K5: =DATE(2000+MID(A5,3,2),MID(A5,5,2),MID(A5,7,2))+TIME(MID(A5,10,2),MID(A5,12,2),0) -> 42346.673
A6: 07151208_1623 | B6: UMN | C6: 55 | D6: 2000 | E6: 1000 | F6: 30 | G6: bg | H6: side 1: -4, side 2: 4 | I6: good | J6: =""""&A6&"""" -> "07151208_1623" | K6: =DATE(2000+MID(A6,3,2),MID(A6,5,2),MID(A6,7,2))+TIME(MID(A6,10,2),MID(A6,12,2),0) -> 42346.683
A7: 07151208_1644 | B7: UMN | C7: 55 | D7: 2000 | E7: 1000 | F7: 30 | G7: bg | H7: side 1: -4, side 2: 4 | I7: good | J7: =""""&A7&"""" -> "07151208_1644" | K7: =DATE(2000+MID(A7,3,2),MID(A7,5,2),MID(A7,7,2))+TIME(MID(A7,10,2),MID(A7,12,2),0) -> 42346.697
A8: 07151208_1744 | B8: UMN | C8: 55 | D8: 2000 | E8: 1000 | F8: 30 | G8: bg | H8: side 1: 4, side 2: -4 | I8: good | J8: =""""&A8&"""" -> "07151208_1744" | K8: =DATE(2000+MID(A8,3,2),MID(A8,5,2),MID(A8,7,2))+TIME(MID(A8,10,2),MID(A8,12,2),0) -> 42346.739
A9: 07151208_1843 | B9: UMN | C9: 55 | D9: 2000 | E9: 1000 | F9: 30 | G9: bg | H9: side 1: -4, side 2: 4 | I9: good | J9: =""""&A9&"""" -> "07151208_1843" | K9: =DATE(2000+MID(A9,3,2),MID(A9,5,2),MID(A9,7,2))+TIME(MID(A9,10,2),MID(A9,12,2),0) -> 42346.78
A10: 07151208_1949 | B10: UMN | C10: 55 | D10: 2000 | E10: 1000 | F10: 30 | G10: bg | H10: side 1: 4, side 2: -4 | I10: good | J10: =""""&A10&"""" -> "07151208_1949" | K10: =DATE(2000+MID(A10,3,2),MID(A10,5,2),MID(A10,7,2))+TIME(MID(A10,10,2),MID(A10,12,2),0) -> 42346.826
A11: 07151208_2049 | B11: UMN | C11: 55 | D11: 2000 | E11: 1000 | F11: 30 | G11: bg | H11: side 1: -4, side 2: 4 | I11: good | J11: =""""&A11&"""" -> "07151208_2049" | K11: =DATE(2000+MID(A11,3,2),MID(A11,5,2),MID(A11,7,2))+TIME(MID(A11,10,2),MID(A11,12,2),0) -> 42346.867
A12: 07151208_2148 | B12: UMN | C12: 55 | D12: 2000 | E12: 1000 | F12: 30 | G12: bg | H12: side 1: 4, side 2: -4 | I12: good | J12: =""""&A12&"""" -> "07151208_2148" | K12: =DATE(2000+MID(A12,3,2),MID(A12,5,2),MID(A12,7,2))+TIME(MID(A12,10,2),MID(A12,12,2),0) -> 42346.908
A13: 07151208_2248 | B13: UMN | C13: 55 | D13: 2000 | E13: 1000 | F13: 30 | G13: bg | H13: side 1: -4, side 2: 4 | I13: good | J13: =""""&A13&"""" -> "07151208_2248" | K13: =DATE(2000+MID(A13,3,2),MID(A13,5,2),MID(A13,7,2))+TIME(MID(A13,10,2),MID(A13,12,2),0) -> 42346.95
A14: 07151208_2348 | B14: UMN | C14: 55 | D14: 2000 | E14: 1000 | F14: 30 | G14: bg | H14: side 1: 4, side 2: -4 | I14: good | J14: =""""&A14&"""" -> "07151208_2348" | K14: =DATE(2000+MID(A14,3,2),MID(A14,5,2),MID(A14,7,2))+TIME(MID(A14,10,2),MID(A14,12,2),0) -> 42346.992
A15: 07151209_0048 | B15: UMN | C15: 55 | D15: 2000 | E15: 1000 | F15: 30 | G15: bg | H15: side 1: -4, side 2: 4 | I15: good | J15: =""""&A15&"""" -> "07151209_0048" | K15: =DATE(2000+MID(A15,3,2),MID(A15,5,2),MID(A15,7,2))+TIME(MID(A15,10,2),MID(A15,12,2),0) -> 42347.033
A16: 07151209_0147 | B16: UMN | C16: 55 | D16: 2000 | E16: 1000 | F16: 30 | G16: bg | H16: side 1: 4, side 2: -4 | I16: good | J16: =""""&A16&"""" -> "07151209_0147" | K16: =DATE(2000+MID(A16,3,2),MID(A16,5,2),MID(A16,7,2))+TIME(MID(A16,10,2),MID(A16,12,2),0) -> 42347.074
... A22: 07151209_0750 | B22: UMN | C22: 55 | D22: 2000 | E22: 1000 | F22: 30 | G22: bg | H22: side 1: 4, side 2: -4 | I22: good | J22: =""""&A22&"""" -> "07151209_0750" | K22: =DATE(2000+MID(A22,3,2),MID(A22,5,2),MID(A22,7,2))+TIME(MID(A22,10,2),MID(A22,12,2),0) -> 42347.326
A23: 07151209_1516 | B23: UMN | C23: 55 | D23: null | E23: 1000 | F23: 31 | G23: bg | H23: side 1: -3.999, side 2: 4.4872 | I23: good | J23: =""""&A23&"""" -> "07151209_1516" | K23: =DATE(2000+MID(A23,3,2),MID(A23,5,2),MID(A23,7,2))+TIME(MID(A23,10,2),MID(A23,12,2),0) -> 42347.636
A24: 07151209_1613 | B24: UMN | C24: 55 | D24: null | E24: 1000 | F24: 31 | G24: bg | H24: side 1: -3.999, side 2: 4.4872 | I24: good | J24: =""""&A24&"""" -> "07151209_1613" | K24: =DATE(2000+MID(A24,3,2),MID(A24,5,2),MID(A24,7,2))+TIME(MID(A24,10,2),MID(A24,12,2),0) -> 42347.676
A25: 07151209_1728 | B25: UMN | C25: 55 | D25: null | E25: 1000 | F25: 31 | G25: bg | H25: side 1: -3.999, side 2: 4.4872 | I25: good | J25: =""""&A25&"""" -> "07151209_1728" | K25: =DATE(2000+MID(A25,3,2),MID(A25,5,2),MID(A25,7,2))+TIME(MID(A25,10,2),MID(A25,12,2),0) -> 42347.728
A26: 07151209_1824 | B26: UMN | C26: 55 | D26: null | E26: 1000 | F26: 31 | G26: bg | H26: side 1: -3.999, side 2: 4.4872 | I26: good | J26: =""""&A26&"""" -> "07151209_1824" | K26: =DATE(2000+MID(A26,3,2),MID(A26,5,2),MID(A26,7,2))+TIME(MID(A26,10,2),MID(A26,12,2),0) -> 42347.767
A27: 07151209_1921 | B27: UMN | C27: 55 | D27: null | E27: 1000 | F27: 31 | G27: bg | H27: side 1: -3.999, side 2: 4.4872 | I27: good | J27: =""""&A27&"""" -> "07151209_1921" | K27: =DATE(2000+MID(A27,3,2),MID(A27,5,2),MID(A27,7,2))+TIME(MID(A27,10,2),MID(A27,12,2),0) -> 42347.806
A28: 07151209_2018 | B28: UMN | C28: 55 | D28: null | E28: 1000 | F28: 31 | G28: bg | H28: side 1: -3.999, side 2: 4.4872 | I28: good | J28: =""""&A28&"""" -> "07151209_2018" | K28: =DATE(2000+MID(A28,3,2),MID(A28,5,2),MID(A28,7,2))+TIME(MID(A28,10,2),MID(A28,12,2),0) -> 42347.846
A29: 07151209_2114 | B29: UMN | C29: 55 | D29: null | E29: 1000 | F29: 31 | G29: bg | H29: side 1: -3.999, side 2: 4.4872 | I29: good | J29: =""""&A29&"""" -> "07151209_2114" | K29: =DATE(2000+MID(A29,3,2),MID(A29,5,2),MID(A29,7,2))+TIME(MID(A29,10,2),MID(A29,12,2),0) -> 42347.885
A30: 07151209_2211 | B30: UMN | C30: 55 | D30: null | E30: 1000 | F30: 31 | G30: bg | H30: side 1: -3.999, side 2: 4.4872 | I30: good | J30: =""""&A30&"""" -> "07151209_2211" | K30: =DATE(2000+MID(A30,3,2),MID(A30,5,2),MID(A30,7,2))+TIME(MID(A30,10,2),MID(A30,12,2),0) -> 42347.924
A31: 07151209_2308 | B31: UMN | C31: 55 | D31: null | E31: 1000 | F31: 31 | G31: bg | H31: side 1: -3.999, side 2: 4.4872 | I31: good | J31: =""""&A31&"""" -> "07151209_2308" | K31: =DATE(2000+MID(A31,3,2),MID(A31,5,2),MID(A31,7,2))+TIME(MID(A31,10,2),MID(A31,12,2),0) -> 42347.964
A32: 07151210_0005 | B32: UMN | C32: 55 | D32: null | E32: 1000 | F32: 31 | G32: bg | H32: side 1: -3.999, side 2: 4.4872 | I32: good | J32: =""""&A32&"""" -> "07151210_0005" | K32: =DATE(2000+MID(A32,3,2),MID(A32,5,2),MID(A32,7,2))+TIME(MID(A32,10,2),MID(A32,12,2),0) -> 42348.003
A33: 07151210_0101 | B33: UMN | C33: 55 | D33: null | E33: 1000 | F33: 31 | G33: bg | H33: side 1: -3.999, side 2: 4.4872 | I33: good | J33: =""""&A33&"""" -> "07151210_0101" | K33: =DATE(2000+MID(A33,3,2),MID(A33,5,2),MID(A33,7,2))+TIME(MID(A33,10,2),MID(A33,12,2),0) -> 42348.042
A34: 07151210_0158 | B34: UMN | C34: 55 | D34: null | E34: 1000 | F34: 31 | G34: bg | H34: side 1: -3.999, side 2: 4.4872 | I34: good | J34: =""""&A34&"""" -> "07151210_0158" | K34: =DATE(2000+MID(A34,3,2),MID(A34,5,2),MID(A34,7,2))+TIME(MID(A34,10,2),MID(A34,12,2),0) -> 42348.082
... A91: 07151212_2351 | B91: UMN | C91: 55 | D91: null | E91: 1000 | F91: 31 | G91: bg | H91: side 1: -3.999, side 2: 4.4872 | I91: good | J91: =""""&A91&"""" -> "07151212_2351" | K91: =DATE(2000+MID(A91,3,2),MID(A91,5,2),MID(A91,7,2))+TIME(MID(A91,10,2),MID(A91,12,2),0) -> 42350.994
A92: 07151213_0047 | B92: UMN | C92: 55 | D92: null | E92: 1000 | F92: null | G92: bg | H92: side 1: -3.999, side 2: 4.4872 | I92: good | J92: =""""&A92&"""" -> "07151213_0047" | K92: =DATE(2000+MID(A92,3,2),MID(A92,5,2),MID(A92,7,2))+TIME(MID(A92,10,2),MID(A92,12,2),0) -> 42351.033
A93: 07151214_1207 | B93: UMN | C93: 55 | D93: null | E93: 1000 | F93: 31 | G93: bg | H93: side 1: 4.014, side 2: -3.9293 | I93: good | J93: =""""&A93&"""" -> "07151214_1207" | K93: =DATE(2000+MID(A93,3,2),MID(A93,5,2),MID(A93,7,2))+TIME(MID(A93,10,2),MID(A93,12,2),0) -> 42352.505
A94: 07151214_1704 | B94: UMN | C94: 55 | D94: null | E94: 1000 | F94: 31 | G94: bg | H94: side 1: 4.014, side 2: -3.9293 | I94: good | J94: =""""&A94&"""" -> "07151214_1704" | K94: =DATE(2000+MID(A94,3,2),MID(A94,5,2),MID(A94,7,2))+TIME(MID(A94,10,2),MID(A94,12,2),0) -> 42352.711
A95: 07151214_1801 | B95: UMN | C95: 55 | D95: null | E95: 1000 | F95: 31 | G95: bg | H95: side 1: 4.014, side 2: -3.9293 | I95: good | J95: =""""&A95&"""" -> "07151214_1801" | K95: =DATE(2000+MID(A95,3,2),MID(A95,5,2),MID(A95,7,2))+TIME(MID(A95,10,2),MID(A95,12,2),0) -> 42352.751
A96: 07151214_1858 | B96: UMN | C96: 55 | D96: null | E96: 1000 | F96: 31 | G96: bg | H96: side 1: 4.014, side 2: -3.9293 | I96: good | J96: =""""&A96&"""" -> "07151214_1858" | K96: =DATE(2000+MID(A96,3,2),MID(A96,5,2),MID(A96,7,2))+TIME(MID(A96,10,2),MID(A96,12,2),0) -> 42352.79
A97: 07151214_1955 | B97: UMN | C97: 55 | D97: null | E97: 1000 | F97: 31 | G97: bg | H97: side 1: 4.014, side 2: -3.9293 | I97: good | J97: =""""&A97&"""" -> "07151214_1955" | K97: =DATE(2000+MID(A97,3,2),MID(A97,5,2),MID(A97,7,2))+TIME(MID(A97,10,2),MID(A97,12,2),0) -> 42352.83
A98: 07151214_2051 | B98: UMN | C98: 55 | D98: null | E98: 1000 | F98: 31 | G98: bg | H98: side 1: 4.014, side 2: -3.9293 | I98: good | J98: =""""&A98&"""" -> "07151214_2051" | K98: =DATE(2000+MID(A98,3,2),MID(A98,5,2),MID(A98,7,2))+TIME(MID(A98,10,2),MID(A98,12,2),0) -> 42352.869
A99: 07151214_2148 | B99: UMN | C99: 55 | D99: null | E99: 1000 | F99: 31 | G99: bg | H99: side 1: 4.014, side 2: -3.9293 | I99: good | J99: =""""&A99&"""" -> "07151214_2148" | K99: =DATE(2000+MID(A99,3,2),MID(A99,5,2),MID(A99,7,2))+TIME(MID(A99,10,2),MID(A99,12,2),0) -> 42352.908
A100: 07151214_2245 | B100: UMN | C100: 55 | D100: null | E100: 1000 | F100: 31 | G100: bg | H100: side 1: 4.014, side 2: -3.9293 | I100: good | J100: =""""&A100&"""" -> "07151214_2245" | K100: =DATE(2000+MID(A100,3,2),MID(A100,5,2),MID(A100,7,2))+TIME(MID(A100,10,2),MID(A100,12,2),0) -> 42352.948
A101: 07151214_2341 | B101: UMN | C101: 55 | D101: null | E101: 1000 | F101: null | G101: bg | H101: side 1: 4.014, side 2: -3.9293 | I101: good | J101: =""""&A101&"""" -> "07151214_2341" | K101: =DATE(2000+MID(A101,3,2),MID(A101,5,2),MID(A101,7,2))+TIME(MID(A101,10,2),MID(A101,12,2),0) -> 42352.987
A102: 07151215_1146 | B102: UMN | C102: 55 | D102: null | E102: 0 | F102: 2 | G102: bg | H102: side 1: 0, side 2: 0 | I102: good | J102: =""""&A102&"""" -> "07151215_1146" | K102: =DATE(2000+MID(A102,3,2),MID(A102,5,2),MID(A102,7,2))+TIME(MID(A102,10,2),MID(A102,12,2),0) -> 42353.49
A103: 07151215_1147 | B103: UMN | C103: 55 | D103: null | E103: 0 | F103: 1 | G103: bg | H103: side 1: 0, side 2: 0 | I103: good | J103: =""""&A103&"""" -> "07151215_1147" | K103: =DATE(2000+MID(A103,3,2),MID(A103,5,2),MID(A103,7,2))+TIME(MID(A103,10,2),MID(A103,12,2),0) -> 42353.491
A104: 07151215_1231 | B104: UMN | C104: 55 | D104: null | E104: 1000 | F104: 31 | G104: bg | H104: side 1: 4.014, side 2: -3.9293 | I104: good | J104: =""""&A104&"""" -> "07151215_1231" | K104: =DATE(2000+MID(A104,3,2),MID(A104,5,2),MID(A104,7,2))+TIME(MID(A104,10,2),MID(A104,12,2),0) -> 42353.522
A105: 07151215_1328 | B105: UMN | C105: 55 | D105: null | E105: 1000 | F105: 31 | G105: bg | H105: side 1: 4.014, side 2: -3.9293 | I105: good | J105: =""""&A105&"""" -> "07151215_1328" | K105: =DATE(2000+MID(A105,3,2),MID(A105,5,2),MID(A105,7,2))+TIME(MID(A105,10,2),MID(A105,12,2),0) -> 42353.561
A106: 07151215_1424 | B106: UMN | C106: 55 | D106: null | E106: 1000 | F106: 31 | G106: bg | H106: side 1: 4.014, side 2: -3.9293 | I106: good | J106: =""""&A106&"""" -> "07151215_1424" | K106: =DATE(2000+MID(A106,3,2),MID(A106,5,2),MID(A106,7,2))+TIME(MID(A106,10,2),MID(A106,12,2),0) -> 42353.6
A107: 07151215_1520 | B107: UMN | C107: 55 | D107: null | E107: 1000 | F107: 50 | G107: bg | H107: side 1: 4.014, side 2: -3.9293 | I107: good | J107: =""""&A107&"""" -> "07151215_1520" | K107: =DATE(2000+MID(A107,3,2),MID(A107,5,2),MID(A107,7,2))+TIME(MID(A107,10,2),MID(A107,12,2),0) -> 42353.639
A108: 07151215_1633 | B108: UMN | C108: 55 | D108: null | E108: 1000 | F108: 31 | G108: bg | H108: side 1: 4.014, side 2: -3.9293 | I108: good | J108: =""""&A108&"""" -> "07151215_1633" | K108: =DATE(2000+MID(A108,3,2),MID(A108,5,2),MID(A108,7,2))+TIME(MID(A108,10,2),MID(A108,12,2),0) -> 42353.69
A109: 07151215_1725 | B109: UMN | C109: 55 | D109: null | E109: 1000 | F109: 31 | G109: bg | H109: side 1: 4.014, side 2: -3.9293 | I109: good | J109: =""""&A109&"""" -> "07151215_1725" | K109: =DATE(2000+MID(A109,3,2),MID(A109,5,2),MID(A109,7,2))+TIME(MID(A109,10,2),MID(A109,12,2),0) -> 42353.726
A110: 07151215_1816 | B110: UMN | C110: 55 | D110: null | E110: 1000 | F110: 31 | G110: bg | H110: side 1: 4.014, side 2: -3.9293 | I110: good | J110: =""""&A110&"""" -> "07151215_1816" | K110: =DATE(2000+MID(A110,3,2),MID(A110,5,2),MID(A110,7,2))+TIME(MID(A110,10,2),MID(A110,12,2),0) -> 42353.761
A111: 07151215_1907 | B111: UMN | C111: 55 | D111: null | E111: 1000 | F111: 31 | G111: bg | H111: side 1: 4.014, side 2: -3.9293 | I111: good | J111: =""""&A111&"""" -> "07151215_1907" | K111: =DATE(2000+MID(A111,3,2),MID(A111,5,2),MID(A111,7,2))+TIME(MID(A111,10,2),MID(A111,12,2),0) -> 42353.797
A112: 07151215_1958 | B112: UMN | C112: 55 | D112: null | E112: 1000 | F112: 31 | G112: bg | H112: side 1: 4.014, side 2: -3.9293 | I112: good | J112: =""""&A112&"""" -> "07151215_1958" | K112: =DATE(2000+MID(A112,3,2),MID(A112,5,2),MID(A112,7,2))+TIME(MID(A112,10,2),MID(A112,12,2),0) -> 42353.832
A113: 07151215_2050 | B113: UMN | C113: 55 | D113: null | E113: 1000 | F113: 31 | G113: bg | H113: side 1: 4.014, side 2: -3.9293 | I113: good | J113: =""""&A113&"""" -> "07151215_2050" | K113: =DATE(2000+MID(A113,3,2),MID(A113,5,2),MID(A113,7,2))+TIME(MID(A113,10,2),MID(A113,12,2),0) -> 42353.868
... A126: 07151216_0756 | B126: UMN | C126: 55 | D126: null | E126: 1000 | F126: 31 | G126: bg | H126: side 1: 4.014, side 2: -3.9293 | I126: good | J126: =""""&A126&"""" -> "07151216_0756" | K126: =DATE(2000+MID(A126,3,2),MID(A126,5,2),MID(A126,7,2))+TIME(MID(A126,10,2),MID(A126,12,2),0) -> 42354.331

Sheet Sheet3
A1: 42341.347 | B1: =A2 -> 42341.5 | C1: 0.365 | D1: =C2 -> 0.295 | E1: 1
A2: 42341.5 | B2: =A3 -> 42341.653 | C2: 0.295 | D2: =C3 -> 0.931 | E2: 2 | N2: 16.5 | O2: =N2*8928/2 -> 73656 | P2: =N2*3824/2 -> 31548
A3: 42341.653 | B3: =A4 -> 42342.382 | C3: 0.931 | D3: =C4 -> 0.71 | E3: 3 | N3: 19.95 | O3: =N3*8928/2 -> 89056.8 | P3: =N3*3824/2 -> 38144.4
A4: 42342.382 | B4: =A5 -> 42342.483 | C4: 0.71 | D4: =C5 -> 0.671 | E4: 4
A5: 42342.483 | B5: =A6 -> 42342.67 | C5: 0.671 | D5: =C6 -> 0.604 | E5: 5
A6: 42342.67 | B6: =A7 -> 42343.59 | C6: 0.604 | D6: =C7 -> 0.269 | E6: 6
A7: 42343.59 | B7: =A8 -> 42343.645 | C7: 0.269 | D7: =C8 -> 0.908 | E7: 7
A8: 42343.645 | B8: =A9 -> 42344.712 | C8: 0.908 | D8: =C9 -> 0.463 | E8: 8
A9: 42344.712 | B9: =A10 -> 42345.361 | C9: 0.463 | D9: =C10 -> 0.153 | E9: 9
A10: 42345.361 | B10: =A11 -> 42345.41 | C10: 0.153 | D10: =C11 -> 0.645 | E10: 10
A11: 42345.41 | B11: =A12 -> 42346.344 | C11: 0.645 | D11: =C12 -> 0.24 | E11: 11
A12: 42346.344 | B12: =A13 -> 42346.412 | C12: 0.24 | D12: =C13 -> 0.904 | E12: 12
A13: 42346.412 | B13: =A14 -> 42346.671 | C13: 0.904 | D13: =C14 -> 0.838 | E13: 13
A14: 42346.671 | B14: =A15 -> 42347.365 | C14: 0.838 | D14: =C15 -> 0.647 | E14: 14
A15: 42347.365 | B15: =A16 -> 42348.344 | C15: 0.647 | D15: =C16 -> 0.327 | E15: 15
... A35: 42355.719 | B35: =A36 -> 42356.375 | C35: 0.352 | D35: =C36 -> 0.06 | E35: 35
A36: 42356.375 | C36: 0.06 | E36: 36

Sheet Run56
A2: SERIES | B2: FACILITY | C2: RUN NUMBER | D2: EVENTS PER FILE | E2: RANDOMS | F2: DURATION | G2: DATA TYPE | H2: BIAS | I2: DIAGNOSIS | J2: my diag | K2: lev diag | L2: date/time | M2: notes | N2: level | O2: level meas | P2: lev meas time | Q2: boiloff rate | R2: lev after | S2: lev time after | AD2: pbs1
A3: 07160104_1511 | B3: UMN | C3: 56 | D3: null | E3: 1000 | F3: 31 | G3: cf | H3: side 1: -3.999, side 2: 4.4872 | I3: good | J3: ok | K3: =IF(AND(N3<0.7,N3>0.2),"lev OK","lev BAD") -> lev OK | L3: =DATE(2000+MID(A3,3,2),MID(A3,5,2),MID(A3,7,2))+TIME(MID(A3,10,2),MID(A3,12,2),0) -> 42373.633 | M3: single | N3: =O3-(L3-P3)*24*Q3 -> 0.65486418 | O3: 0.714 | P3: 42373.438 | Q3: =(O3-R3)/(S3-P3)/24 -> 0.012626866 | R3: 0.432 | S3: 42374.368 | AC3: 1.57142e-10 | AD3: 1.20965e-10 | AE3: 1.34184e-10 | AF3: 9.86085e-11 | AG3: 1.64078e-10 | AH3: 1.7321e-10 | AI3: 8.00181e-11 | AJ3: 1.78576e-10 | AK3: 8.4009e-11 | AL3: 1.5693e-10 | AM3: 1.43373e-10 | AN3: 1.73664e-10
A4: 07160104_1614 | B4: UMN | C4: 56 | D4: null | E4: 1000 | F4: 31 | G4: cf | H4: side 1: 4.014, side 2: -3.9293 | I4: good | J4: ok | K4: =IF(AND(N4<0.7,N4>0.2),"lev OK","lev BAD") -> lev OK | L4: =DATE(2000+MID(A4,3,2),MID(A4,5,2),MID(A4,7,2))+TIME(MID(A4,10,2),MID(A4,12,2),0) -> 42373.676 | M4: single | N4: =O4-(L4-P4)*24*Q4 -> 0.64160597 | O4: 0.714 | P4: 42373.438 | Q4: =Q3 -> 0.012626866 | AC4: 1.10173e-10 | AD4: 7.95169e-11 | AE4: 9.45369e-11 | AF4: 6.80599e-11 | AG4: 1.05499e-10 | AH4: 1.02812e-10 | AI4: 5.68269e-11 | AJ4: 1.2336e-10 | AK4: 7.17762e-11 | AL4: 1.07485e-10 | AM4: 9.85408e-11 | AN4: 7.25735e-11
A5: 07160104_1726 | B5: UMN | C5: 56 | D5: null | E5: 1000 | F5: 31 | G5: cf | H5: side 1: 4.014, side 2: -3.929 | I5: good | J5: ok | K5: =IF(AND(N5<0.7,N5>0.2),"lev OK","lev BAD") -> lev OK | L5: =DATE(2000+MID(A5,3,2),MID(A5,5,2),MID(A5,7,2))+TIME(MID(A5,10,2),MID(A5,12,2),0) -> 42373.726 | M5: block 1 | N5: =O5-(L5-P5)*24*Q5 -> 0.62645373 | O5: 0.714 | P5: 42373.438 | Q5: =Q4 -> 0.012626866 | AC5: 7.97431e-11 | AD5: 5.96412e-11 | AE5: 6.94847e-11 | AF5: 4.94649e-11 | AG5: 9.2614e-11 | AH5: 7.98004e-11 | AI5: 4.28249e-11 | AJ5: 9.51269e-11 | AK5: 4.42318e-11 | AL5: 7.73465e-11 | AM5: 7.4241e-11 | AN5: 5.68363e-11
A6: 07160104_1822 | B6: UMN | C6: 56 | D6: null | E6: 1000 | F6: 31 | G6: cf | H6: side 1: 4.014, side 2: -3.929 | I6: good | J6: ok | K6: =IF(AND(N6<0.7,N6>0.2),"lev OK","lev BAD") -> lev OK | L6: =DATE(2000+MID(A6,3,2),MID(A6,5,2),MID(A6,7,2))+TIME(MID(A6,10,2),MID(A6,12,2),0) -> 42373.765 | M6: block 1 | N6: =O6-(L6-P6)*24*Q6 -> 0.61466866 | O6: 0.714 | P6: 42373.438 | Q6: =Q5 -> 0.012626866 | AC6: 8.00007e-11 | AD6: 6.52519e-11 | AE6: 8.03568e-11 | AF6: 4.92034e-11 | AG6: 8.7527e-11 | AH6: 7.33175e-11 | AI6: 4.44709e-11 | AJ6: 9.67283e-11 | AK6: 4.48083e-11 | AL6: 8.48559e-11 | AM6: 7.36099e-11 | AN6: 5.58965e-11
A7: 07160104_1919 | B7: UMN | C7: 56 | D7: null | E7: 1000 | F7: 31 | G7: cf | H7: side 1: 4.014, side 2: -3.929 | I7: good | J7: ok | K7: =IF(AND(N7<0.7,N7>0.2),"lev OK","lev BAD") -> lev OK | L7: =DATE(2000+MID(A7,3,2),MID(A7,5,2),MID(A7,7,2))+TIME(MID(A7,10,2),MID(A7,12,2),0) -> 42373.805 | M7: block 1 | N7: =O7-(L7-P7)*24*Q7 -> 0.60267313 | O7: 0.714 | P7: 42373.438 | Q7: =Q6 -> 0.012626866 | AC7: 6.2179e-11 | AD7: 4.86811e-11 | AE7: 5.48535e-11 | AF7: 3.90895e-11 | AG7: 7.41046e-11 | AH7: 6.04857e-11 | AI7: 3.62911e-11 | AJ7: 7.68152e-11 | AK7: 3.69064e-11 | AL7: 7.02935e-11 | AM7: 5.73093e-11 | AN7: 4.84849e-11
A8: 07160104_2016 | B8: UMN | C8: 56 | D8: null | E8: 1000 | F8: 31 | G8: cf | H8: side 1: 4.014, side 2: -3.929 | I8: good | J8: ok | K8: =IF(AND(N8<0.7,N8>0.2),"lev OK","lev BAD") -> lev OK | L8: =DATE(2000+MID(A8,3,2),MID(A8,5,2),MID(A8,7,2))+TIME(MID(A8,10,2),MID(A8,12,2),0) -> 42373.844 | M8: block 1 | N8: =O8-(L8-P8)*24*Q8 -> 0.59067761 | O8: 0.714 | P8: 42373.438 | Q8: =Q7 -> 0.012626866 | AC8: 9.59915e-11 | AD8: 7.47314e-11 | AE8: 8.60905e-11 | AF8: 6.06243e-11 | AG8: 1.02881e-10 | AH8: 8.9496e-11 | AI8: 5.26852e-11 | AJ8: 1.19557e-10 | AK8: 5.12727e-11 | AL8: 9.70152e-11 | AM8: 8.8991e-11 | AN8: 6.78354e-11
A9: 07160104_2112 | B9: UMN | C9: 56 | D9: null | E9: 1000 | F9: 31 | G9: cf | H9: side 1: 4.014, side 2: -3.929 | I9: good | J9: ok | K9: =IF(AND(N9<0.7,N9>0.2),"lev OK","lev BAD") -> lev OK | L9: =DATE(2000+MID(A9,3,2),MID(A9,5,2),MID(A9,7,2))+TIME(MID(A9,10,2),MID(A9,12,2),0) -> 42373.883 | M9: block 1 | N9: =O9-(L9-P9)*24*Q9 -> 0.57889254 | O9: 0.714 | P9: 42373.438 | Q9: =Q8 -> 0.012626866 | AC9: 6.74883e-11 | AD9: 5.15771e-11 | AE9: 6.46161e-11 | AF9: 4.4321e-11 | AG9: 7.77981e-11 | AH9: 7.04701e-11 | AI9: 3.8241e-11 | AJ9: 8.79103e-11 | AK9: 4.15392e-11 | AL9: 7.3191e-11 | AM9: 6.48827e-11 | AN9: 5.37425e-11
A10: 07160104_2209 | B10: UMN | C10: 56 | D10: null | E10: 1000 | F10: 31 | G10: cf | H10: side 1: 4.014, side 2: -3.929 | I10: good | J10: ok | K10: =IF(AND(N10<0.7,N10>0.2),"lev OK","lev BAD") -> lev OK | L10: =DATE(2000+MID(A10,3,2),MID(A10,5,2),MID(A10,7,2))+TIME(MID(A10,10,2),MID(A10,12,2),0) -> 42373.923 | M10: block 1 | N10: =O10-(L10-P10)*24*Q10 -> 0.56689701 | O10: 0.714 | P10: 42373.438 | Q10: =Q9 -> 0.012626866 | AC10: 6.06483e-11 | AD10: 4.58735e-11 | AE10: 5.67046e-11 | AF10: 3.89315e-11 | AG10: 7.4728e-11 | AH10: 6.42099e-11 | AI10: 3.62252e-11 | AJ10: 7.52329e-11 | AK10: 3.9933e-11 | AL10: 6.49254e-11 | AM10: 5.81474e-11 | AN10: 4.93821e-11
A11: 07160104_2306 | B11: UMN | C11: 56 | D11: null | E11: 1000 | F11: 31 | G11: cf | H11: side 1: 4.014, side 2: -3.929 | I11: good | J11: ok | K11: =IF(AND(N11<0.7,N11>0.2),"lev OK","lev BAD") -> lev OK | L11: =DATE(2000+MID(A11,3,2),MID(A11,5,2),MID(A11,7,2))+TIME(MID(A11,10,2),MID(A11,12,2),0) -> 42373.963 | M11: block 1 | N11: =O11-(L11-P11)*24*Q11 -> 0.55490149 | O11: 0.714 | P11: 42373.438 | Q11: =Q10 -> 0.012626866 | AC11: 5.87239e-11 | AD11: 4.39084e-11 | AE11: 5.28252e-11 | AF11: 3.83924e-11 | AG11: 6.5002e-11 | AH11: 6.57852e-11 | AI11: 3.47502e-11 | AJ11: 7.40315e-11 | AK11: 3.56514e-11 | AL11: 6.27472e-11 | AM11: 5.33188e-11 | AN11: 4.72137e-11
A12: 07160105_0002 | B12: UMN | C12: 56 | D12: null | E12: 1000 | F12: 31 | G12: cf | H12: side 1: 4.014, side 2: -3.929 | I12: good | J12: ok | K12: =IF(AND(N12<0.7,N12>0.2),"lev OK","lev BAD") -> lev OK | L12: =DATE(2000+MID(A12,3,2),MID(A12,5,2),MID(A12,7,2))+TIME(MID(A12,10,2),MID(A12,12,2),0) -> 42374.001 | M12: block 1 | N12: =O12-(L12-P12)*24*Q12 -> 0.54311642 | O12: 0.714 | P12: 42373.438 | Q12: =Q11 -> 0.012626866 | AC12: 7.60128e-11 | AD12: 5.36989e-11 | AE12: 6.55116e-11 | AF12: 4.92258e-11 | AG12: 8.04166e-11 | AH12: 7.52796e-11 | AI12: 4.34786e-11 | AJ12: 9.39258e-11 | AK12: 4.37875e-11 | AL12: 7.43822e-11 | AM12: 6.83739e-11 | AN12: 5.54267e-11
A13: 07160105_0059 | B13: UMN | C13: 56 | D13: null | E13: 1000 | F13: 31 | G13: cf | H13: side 1: 4.014, side 2: -3.929 | I13: good | J13: ok | K13: =IF(AND(N13<0.7,N13>0.2),"lev OK","lev BAD") -> lev OK | L13: =DATE(2000+MID(A13,3,2),MID(A13,5,2),MID(A13,7,2))+TIME(MID(A13,10,2),MID(A13,12,2),0) -> 42374.041 | M13: block 1 | N13: =O13-(L13-P13)*24*Q13 -> 0.5311209 | O13: 0.714 | P13: 42373.438 | Q13: =Q12 -> 0.012626866 | AC13: 7.27977e-11 | AD13: 5.17166e-11 | AE13: 6.40461e-11 | AF13: 4.62166e-11 | AG13: 7.94214e-11 | AH13: 6.82621e-11 | AI13: 4.21785e-11 | AJ13: 9.10672e-11 | AK13: 4.40635e-11 | AL13: 7.2834e-11 | AM13: 6.49254e-11 | AN13: 5.64584e-11
A14: 07160105_0156 | B14: UMN | C14: 56 | D14: null | E14: 1000 | F14: 31 | G14: cf | H14: side 1: 4.014, side 2: -3.929 | I14: good | J14: ok | K14: =IF(AND(N14<0.7,N14>0.2),"lev OK","lev BAD") -> lev OK | L14: =DATE(2000+MID(A14,3,2),MID(A14,5,2),MID(A14,7,2))+TIME(MID(A14,10,2),MID(A14,12,2),0) -> 42374.081 | M14: block 1 | N14: =O14-(L14-P14)*24*Q14 -> 0.51912537 | O14: 0.714 | P14: 42373.438 | Q14: =Q13 -> 0.012626866 | AC14: 8.40343e-11 | AD14: 5.93707e-11 | AE14: 6.78224e-11 | AF14: 5.23166e-11 | AG14: 8.48623e-11 | AH14: 8.62212e-11 | AI14: 4.75039e-11 | AJ14: 1.04931e-10 | AK14: 4.47488e-11 | AL14: 7.98953e-11 | AM14: 7.29852e-11 | AN14: 6.28459e-11
A15: 07160105_0253 | B15: UMN | C15: 56 | D15: null | E15: 1000 | F15: 31 | G15: cf | H15: side 1: 4.014, side 2: -3.929 | I15: good | J15: ok | K15: =IF(AND(N15<0.7,N15>0.2),"lev OK","lev BAD") -> lev OK | L15: =DATE(2000+MID(A15,3,2),MID(A15,5,2),MID(A15,7,2))+TIME(MID(A15,10,2),MID(A15,12,2),0) -> 42374.12 | M15: block 1 | N15: =O15-(L15-P15)*24*Q15 -> 0.50712985 | O15: 0.714 | P15: 42373.438 | Q15: =Q14 -> 0.012626866 | AC15: 6.07117e-11 | AD15: 4.43273e-11 | AE15: 5.0198e-11 | AF15: 3.85204e-11 | AG15: 6.76901e-11 | AH15: 6.01678e-11 | AI15: 3.42647e-11 | AJ15: 7.27578e-11 | AK15: 3.70411e-11 | AL15: 6.16659e-11 | AM15: 5.20336e-11 | AN15: 4.53822e-11
... A17: 07160105_0446 | B17: UMN | C17: 56 | D17: null | E17: 1000 | F17: 31 | G17: cf | H17: side 1: 4.014, side 2: -3.929 | I17: good | J17: ok | K17: =IF(AND(N17<0.7,N17>0.2),"lev OK","lev BAD") -> lev OK | L17: =DATE(2000+MID(A17,3,2),MID(A17,5,2),MID(A17,7,2))+TIME(MID(A17,10,2),MID(A17,12,2),0) -> 42374.199 | M17: block 1 | N17: =O17-(L17-P17)*24*Q17 -> 0.48334925 | O17: 0.714 | P17: 42373.438 | Q17: =Q16 -> 0.012626866 | AC17: 5.08615e-11 | AD17: 3.65627e-11 | AE17: 4.35204e-11 | AF17: 3.33236e-11 | AG17: 4.93447e-11 | AH17: 5.23693e-11 | AI17: 2.64025e-11 | AJ17: 5.98866e-11 | AK17: 3.31634e-11 | AL17: 5.15639e-11 | AM17: 4.31827e-11 | AN17: 3.51074e-11
A18: 07160105_0543 | B18: UMN | C18: 56 | D18: null | E18: 1000 | F18: 31 | G18: cf | H18: side 1: 4.014, side 2: -3.929 | I18: good | J18: ok | K18: =IF(AND(N18<0.7,N18>0.2),"lev OK","lev BAD") -> lev OK | L18: =DATE(2000+MID(A18,3,2),MID(A18,5,2),MID(A18,7,2))+TIME(MID(A18,10,2),MID(A18,12,2),0) -> 42374.238 | M18: block 1 | N18: =O18-(L18-P18)*24*Q18 -> 0.47135373 | O18: 0.714 | P18: 42373.438 | Q18: =Q17 -> 0.012626866 | Z18: 161 | AA18: 46 | AC18: 6.20706e-11 | AD18: 4.19152e-11 | AE18: 5.12213e-11 | AF18: 4.15857e-11 | AG18: 5.41681e-11 | AH18: 6.39105e-11 | AI18: 3.62599e-11 | AJ18: 7.46761e-11 | AK18: 3.92764e-11 | AL18: 5.8367e-11 | AM18: 5.58479e-11 | AN18: 4.31086e-11
A19: 07160105_1029 | B19: UMN | C19: 56 | D19: null | E19: 1000 | F19: 31 | G19: cf | H19: side 1: -3.999, side 2: 4.4872 | I19: good | J19: ok | K19: =IF(AND(N19<0.7,N19>0.2),"lev OK","lev BAD") -> lev OK | L19: =DATE(2000+MID(A19,3,2),MID(A19,5,2),MID(A19,7,2))+TIME(MID(A19,10,2),MID(A19,12,2),0) -> 42374.437 | M19: =""""&A19&"""" -> "07160105_1029" | N19: =O19-(L19-P19)*24*Q19 -> 0.40543291 | O19: 0.432 | P19: 42374.368 | Q19: =(O19-R19)/(S19-P19)/24 -> 0.016101266 | R19: 0.326 | S19: 42374.642 | Z19: 262 | AA19: 19 | AC19: 5.67336e-11 | AD19: 4.47163e-11 | AE19: 4.79008e-11 | AF19: 3.6152e-11 | AG19: 6.18897e-11 | AH19: 6.12255e-11 | AI19: 3.36714e-11 | AJ19: 6.71865e-11 | AK19: 3.8716e-11 | AL19: 5.87484e-11 | AM19: 4.70746e-11 | AN19: 9.09463e-11
A20: 07160105_1127 | B20: UMN | C20: 56 | D20: null | E20: 1000 | F20: 31 | G20: cf | H20: side 1: -3.999, side 2: 4.4872 | I20: good | J20: ok | K20: =IF(AND(N20<0.7,N20>0.2),"lev OK","lev BAD") -> lev OK | L20: =DATE(2000+MID(A20,3,2),MID(A20,5,2),MID(A20,7,2))+TIME(MID(A20,10,2),MID(A20,12,2),0) -> 42374.477 | M20: =M19&", """&A20&"""" -> "07160105_1029", "07160105_1127" | N20: =O20-(L20-P20)*24*Q20 -> 0.38986835 | O20: 0.432 | P20: 42374.368 | Q20: =Q19 -> 0.016101266 | Z20: 171 | AA20: 61 | AC20: 1.15698e-10 | AD20: 8.81231e-11 | AE20: 1.0353e-10 | AF20: 1.00304e-10 | AG20: 1.16034e-10 | AH20: 1.21705e-10 | AI20: 6.28988e-11 | AJ20: 1.36976e-10 | AK20: 5.6914e-11 | AL20: 1.21035e-10 | AM20: 1.15691e-10 | AN20: 1.44942e-10
A21: 07160105_1234 | B21: UMN | C21: 56 | D21: null | E21: 1000 | F21: 31 | G21: cf | H21: side 1: -3.999, side 2: 4.4872 | I21: good | J21: ok | K21: =IF(AND(N21<0.7,N21>0.2),"lev OK","lev BAD") -> lev OK | L21: =DATE(2000+MID(A21,3,2),MID(A21,5,2),MID(A21,7,2))+TIME(MID(A21,10,2),MID(A21,12,2),0) -> 42374.524 | M21: =M20&", """&A21&"""" -> "07160105_1029", "07160105_1127", "07160105_1234" | N21: =O21-(L21-P21)*24*Q21 -> 0.37188861 | O21: 0.432 | P21: 42374.368 | Q21: =Q20 -> 0.016101266 | Z21: 254 | AA21: 28 | AC21: 9.95967e-11 | AD21: 7.592e-11 | AE21: 8.69734e-11 | AF21: 7.73955e-11 | AG21: 9.01018e-11 | AH21: 1.04282e-10 | AI21: 5.33707e-11 | AJ21: 1.16648e-10 | AK21: 5.11662e-11 | AL21: 1.07008e-10 | AM21: 9.80487e-11 | AN21: 1.51423e-10
A22: 07160105_1333 | B22: UMN | C22: 56 | D22: null | E22: 1000 | F22: 32 | G22: cf | H22: side 1: -3.999, side 2: 4.4872 | I22: good | J22: no PAS2 | K22: =IF(AND(N22<0.7,N22>0.2),"lev OK","lev BAD") -> lev OK | L22: =DATE(2000+MID(A22,3,2),MID(A22,5,2),MID(A22,7,2))+TIME(MID(A22,10,2),MID(A22,12,2),0) -> 42374.565 | M22: =M21&", """&A22&"""" -> "07160105_1029", "07160105_1127", "07160105_1234", "07160105_1333" | N22: =O22-(L22-P22)*24*Q22 -> 0.3560557 | O22: 0.432 | P22: 42374.368 | Q22: =Q21 -> 0.016101266 | Z22: 254 | AA22: 41 | AC22: 1.0091e-10 | AD22: 7.76538e-11 | AE22: 8.80826e-11 | AF22: 6.06358e-11 | AG22: 1.11663e-10 | AH22: 1.01736e-10 | AI22: 0 | AJ22: 1.17086e-10 | AK22: 5.07263e-11 | AL22: 1.04554e-10 | AM22: 9.06901e-11 | AN22: 1.38237e-10
A23: 07160105_1429 | B23: UMN | C23: 56 | D23: null | E23: 1000 | F23: 32 | G23: cf | H23: side 1: -3.999, side 2: 4.4872 | I23: good | J23: no PAS2 | K23: =IF(AND(N23<0.7,N23>0.2),"lev OK","lev BAD") -> lev OK | L23: =DATE(2000+MID(A23,3,2),MID(A23,5,2),MID(A23,7,2))+TIME(MID(A23,10,2),MID(A23,12,2),0) -> 42374.603 | M23: =M22&", """&A23&"""" -> "07160105_1029", "07160105_1127", "07160105_1234", "07160105_1333", "07160105_1429" | N23: =O23-(L23-P23)*24*Q23 -> 0.34102785 | O23: 0.432 | P23: 42374.368 | Q23: =Q22 -> 0.016101266 | Z23: 375 | AA23: 22 | AC23: 6.95923e-11 | AD23: 5.41228e-11 | AE23: 6.74811e-11 | AF23: 4.51663e-11 | AG23: 7.73777e-11 | AH23: 7.49111e-11 | AI23: 0 | AJ23: 8.17707e-11 | AK23: 4.09679e-11 | AL23: 7.30095e-11 | AM23: 6.49491e-11 | AN23: 1.19934e-10
A24: 07160105_1709 | B24: UMN | C24: 56 | D24: null | E24: 1000 | F24: 31 | G24: cf | H24: side 1: -3.999, side 2: 4.4872 | I24: good | J24: ok | K24: =IF(AND(N24<0.7,N24>0.2),"lev OK","lev BAD") -> lev BAD | L24: =DATE(2000+MID(A24,3,2),MID(A24,5,2),MID(A24,7,2))+TIME(MID(A24,10,2),MID(A24,12,2),0) -> 42374.715 | M24: =M23&", """&A24&"""" -> "07160105_1029", "07160105_1127", "07160105_1234", "07160105_1333", "07160105_1429", "07160105_1709" | N24: =O24-(L24-P24)*24*Q24 -> 0.91373299 | O24: 0.927 | P24: 42374.684 | Q24: =(O24-R24)/(S24-P24)/24 -> 0.018091371 | R24: 0.63 | S24: 42375.368 | Z24: 242 | AA24: 27 | AC24: 2.5341e-10 | AD24: 2.08243e-10 | AE24: 2.1903e-10 | AF24: 1.46091e-10 | AG24: 2.43269e-10 | AH24: 2.2115e-10 | AI24: 1.00308e-10 | AJ24: 2.68887e-10 | AK24: 9.10793e-11 | AL24: 2.57869e-10 | AM24: 3.31864e-10 | AN24: 1.96347e-10
A25: 07160105_1806 | B25: UMN | C25: 56 | D25: null | E25: 1000 | F25: 31 | G25: cf | H25: side 1: -3.999, side 2: 4.4872 | I25: good | J25: no phonons | K25: =IF(AND(N25<0.7,N25>0.2),"lev OK","lev BAD") -> lev BAD | L25: =DATE(2000+MID(A25,3,2),MID(A25,5,2),MID(A25,7,2))+TIME(MID(A25,10,2),MID(A25,12,2),0) -> 42374.754 | M25: =M24&", """&A25&"""" -> "07160105_1029", "07160105_1127", "07160105_1234", "07160105_1333", "07160105_1429", "07160105_1709", "07160105_1806" | N25: =O25-(L25-P25)*24*Q25 -> 0.89654619 | O25: 0.927 | P25: 42374.684 | Q25: =Q24 -> 0.018091371 | T25: 265 | V25: =(173+188)/2 -> 180.5 | Z25: 229 | AA25: 24 | AC25: 0 | AD25: 0 | AE25: 0 | AF25: 0 | AG25: 0 | AH25: 0 | AI25: 0 | AJ25: 0 | AK25: 0 | AL25: 0 | AM25: 0 | AN25: 0
A26: 07160105_1902 | B26: UMN | C26: 56 | D26: null | E26: 1000 | F26: 31 | G26: cf | H26: side 1: -3.999, side 2: 4.4872 | I26: good | J26: no phonons | K26: =IF(AND(N26<0.7,N26>0.2),"lev OK","lev BAD") -> lev BAD | L26: =DATE(2000+MID(A26,3,2),MID(A26,5,2),MID(A26,7,2))+TIME(MID(A26,10,2),MID(A26,12,2),0) -> 42374.793 | M26: =M25&", """&A26&"""" -> "07160105_1029", "07160105_1127", "07160105_1234", "07160105_1333", "07160105_1429", "07160105_1709", "07160105_1806", "07160105_1902" | N26: =O26-(L26-P26)*24*Q26 -> 0.87966091 | O26: 0.927 | P26: 42374.684 | Q26: =Q25 -> 0.018091371 | Z26: 209 | AA26: 34 | AC26: 0 | AD26: 0 | AE26: 0 | AF26: 0 | AG26: 0 | AH26: 0 | AI26: 0 | AJ26: 0 | AK26: 0 | AL26: 0 | AM26: 0 | AN26: 0
A27: 07160105_1959 | B27: UMN | C27: 56 | D27: null | E27: 1000 | F27: 31 | G27: cf | H27: side 1: -3.999, side 2: 4.4872 | I27: good | J27: no phonons | K27: =IF(AND(N27<0.7,N27>0.2),"lev OK","lev BAD") -> lev BAD | L27: =DATE(2000+MID(A27,3,2),MID(A27,5,2),MID(A27,7,2))+TIME(MID(A27,10,2),MID(A27,12,2),0) -> 42374.833 | M27: =M26&", """&A27&"""" -> "07160105_1029", "07160105_1127", "07160105_1234", "07160105_1333", "07160105_1429", "07160105_1709", "07160105_1806", "07160105_1902", "07160105_1959" | N27: =O27-(L27-P27)*24*Q27 -> 0.86247411 | O27: 0.927 | P27: 42374.684 | Q27: =Q26 -> 0.018091371 | AC27: 0 | AD27: 0 | AE27: 0 | AF27: 0 | AG27: 0 | AH27: 0 | AI27: 0 | AJ27: 0 | AK27: 0 | AL27: 0 | AM27: 0 | AN27: 0
A28: 07160105_2056 | B28: UMN | C28: 56 | D28: null | E28: 1000 | F28: 31 | G28: cf | H28: side 1: -3.999, side 2: 4.4872 | I28: good | J28: no phonons | K28: =IF(AND(N28<0.7,N28>0.2),"lev OK","lev BAD") -> lev BAD | L28: =DATE(2000+MID(A28,3,2),MID(A28,5,2),MID(A28,7,2))+TIME(MID(A28,10,2),MID(A28,12,2),0) -> 42374.872 | M28: =M27&", """&A28&"""" -> "07160105_1029", "07160105_1127", "07160105_1234", "07160105_1333", "07160105_1429", "07160105_1709", "07160105_1806", "07160105_1902", "07160105_1959", "07160105_2056" | N28: =O28-(L28-P28)*24*Q28 -> 0.84528731 | O28: 0.927 | P28: 42374.684 | Q28: =Q27 -> 0.018091371 | T28: 187 | V28: 174 | Z28: =AVERAGE((Z18:Z26)) -> 239.66667 | AA28: =AVERAGE((AA18:AA26)) -> 33.555556 | AC28: 0 | AD28: 0 | AE28: 0 | AF28: 0 | AG28: 0 | AH28: 0 | AI28: 0 | AJ28: 0 | AK28: 0 | AL28: 0 | AM28: 0 | AN28: 0
A29: 07160105_2152 | B29: UMN | C29: 56 | D29: null | E29: 1000 | F29: 31 | G29: cf | H29: side 1: -3.999, side 2: 4.4872 | I29: good | J29: no phonons | K29: =IF(AND(N29<0.7,N29>0.2),"lev OK","lev BAD") -> lev BAD | L29: =DATE(2000+MID(A29,3,2),MID(A29,5,2),MID(A29,7,2))+TIME(MID(A29,10,2),MID(A29,12,2),0) -> 42374.911 | M29: =M28&", """&A29&"""" -> "07160105_1029", "07160105_1127", "07160105_1234", "07160105_1333", "07160105_1429", "07160105_1709", "07160105_1806", "07160105_1902", "07160105_1959", "07160105_2056", "07160105_2152" | N29: =O29-(L29-P29)*24*Q29 -> 0.82840203 | O29: 0.927 | P29: 42374.684 | Q29: =Q28 -> 0.018091371 | Z29: =STDEV(Z18:Z26) -> 62.437969 | AA29: =STDEV(AA18:AA26) -> 13.574895 | AC29: 0 | AD29: 0 | AE29: 0 | AF29: 0 | AG29: 0 | AH29: 0 | AI29: 0 | AJ29: 0 | AK29: 0 | AL29: 0 | AM29: 0 | AN29: 0
A30: 07160105_2249 | B30: UMN | C30: 56 | D30: null | E30: 1000 | F30: 31 | G30: cf | H30: side 1: -3.999, side 2: 4.4872 | I30: good | J30: no phonons | K30: =IF(AND(N30<0.7,N30>0.2),"lev OK","lev BAD") -> lev BAD | L30: =DATE(2000+MID(A30,3,2),MID(A30,5,2),MID(A30,7,2))+TIME(MID(A30,10,2),MID(A30,12,2),0) -> 42374.951 | M30: =M29&", """&A30&"""" -> "07160105_1029", "07160105_1127", "07160105_1234", "07160105_1333", "07160105_1429", "07160105_1709", "07160105_1806", "07160105_1902", "07160105_1959", "07160105_2056", "07160105_2152", "07160105_2249" | N30: =O30-(L30-P30)*24*Q30 -> 0.81121523 | O30: 0.927 | P30: 42374.684 | Q30: =Q29 -> 0.018091371 | AC30: 0 | AD30: 0 | AE30: 0 | AF30: 0 | AG30: 0 | AH30: 0 | AI30: 0 | AJ30: 0 | AK30: 0 | AL30: 0 | AM30: 0 | AN30: 0
A31: 07160105_2346 | B31: UMN | C31: 56 | D31: null | E31: 1000 | F31: 31 | G31: cf | H31: side 1: -3.999, side 2: 4.4872 | I31: good | J31: ok | K31: =IF(AND(N31<0.7,N31>0.2),"lev OK","lev BAD") -> lev BAD | L31: =DATE(2000+MID(A31,3,2),MID(A31,5,2),MID(A31,7,2))+TIME(MID(A31,10,2),MID(A31,12,2),0) -> 42374.99 | M31: =M30&", """&A31&"""" -> "07160105_1029", "07160105_1127", "07160105_1234", "07160105_1333", "07160105_1429", "07160105_1709", "07160105_1806", "07160105_1902", "07160105_1959", "07160105_2056", "07160105_2152", "07160105_2249", "07160105_2346" | N31: =O31-(L31-P31)*24*Q31 -> 0.79402843 | O31: 0.927 | P31: 42374.684 | Q31: =Q30 -> 0.018091371 | T31: 233 | V31: 99 | AC31: 7.86898e-10 | AD31: 5.13919e-10 | AE31: 4.74525e-10 | AF31: 3.9569e-10 | AG31: 4.19569e-10 | AH31: 6.08306e-10 | AI31: 2.80401e-10 | AJ31: 7.10553e-10 | AK31: 1.92848e-10 | AL31: 7.27767e-10 | AM31: 6.26329e-10 | AN31: 3.08868e-10
A32: 07160106_0043 | B32: UMN | C32: 56 | D32: null | E32: 1000 | F32: 31 | G32: cf | H32: side 1: -3.999, side 2: 4.4872 | I32: good | J32: no phonons | K32: =IF(AND(N32<0.7,N32>0.2),"lev OK","lev BAD") -> lev BAD | L32: =DATE(2000+MID(A32,3,2),MID(A32,5,2),MID(A32,7,2))+TIME(MID(A32,10,2),MID(A32,12,2),0) -> 42375.03 | M32: =M31&", """&A32&"""" -> "07160105_1029", "07160105_1127", "07160105_1234", "07160105_1333", "07160105_1429", "07160105_1709", "07160105_1806", "07160105_1902", "07160105_1959", "07160105_2056", "07160105_2152", "07160105_2249", "07160105_2346", "07160106_0043" | N32: =O32-(L32-P32)*24*Q32 -> 0.77684162 | O32: 0.927 | P32: 42374.684 | Q32: =Q31 -> 0.018091371 | AC32: 0 | AD32: 0 | AE32: 0 | AF32: 0 | AG32: 0 | AH32: 0 | AI32: 0 | AJ32: 0 | AK32: 0 | AL32: 0 | AM32: 0 | AN32: 0
A33: 07160106_0139 | B33: UMN | C33: 56 | D33: null | E33: 1000 | F33: 32 | G33: cf | H33: side 1: -3.999, side 2: 4.4872 | I33: good | J33: ok | K33: =IF(AND(N33<0.7,N33>0.2),"lev OK","lev BAD") -> lev BAD | L33: =DATE(2000+MID(A33,3,2),MID(A33,5,2),MID(A33,7,2))+TIME(MID(A33,10,2),MID(A33,12,2),0) -> 42375.069 | M33: =M32&", """&A33&"""" -> "07160105_1029", "07160105_1127", "07160105_1234", "07160105_1333", "07160105_1429", "07160105_1709", "07160105_1806", "07160105_1902", "07160105_1959", "07160105_2056", "07160105_2152", "07160105_2249", "07160105_2346", "07160106_0043", "07160106_0139" | N33: =O33-(L33-P33)*24*Q33 -> 0.75995635 | O33: 0.927 | P33: 42374.684 | Q33: =Q32 -> 0.018091371 | AC33: 1.04813e-09 | AD33: 8.61231e-10 | AE33: 8.72287e-10 | AF33: 5.71162e-10 | AG33: 1.02634e-09 | AH33: 8.50371e-10 | AI33: 4.01337e-10 | AJ33: 1.07394e-09 | AK33: 3.45873e-10 | AL33: 1.0289e-09 | AM33: 8.93e-10 | AN33: 6.96921e-10
A34: 07160106_0236 | B34: UMN | C34: 56 | D34: null | E34: 1000 | F34: 32 | G34: cf | H34: side 1: -3.999, side 2: 4.4872 | I34: good | J34: ok | K34: =IF(AND(N34<0.7,N34>0.2),"lev OK","lev BAD") -> lev BAD | L34: =DATE(2000+MID(A34,3,2),MID(A34,5,2),MID(A34,7,2))+TIME(MID(A34,10,2),MID(A34,12,2),0) -> 42375.108 | M34: =M33&", """&A34&"""" -> "07160105_1029", "07160105_1127", "07160105_1234", "07160105_1333", "07160105_1429", "07160105_1709", "07160105_1806", "07160105_1902", "07160105_1959", "07160105_2056", "07160105_2152", "07160105_2249", "07160105_2346", "07160106_0043", "07160106_0139", "07160106_0236" | N34: =O34-(L34-P34)*24*Q34 -> 0.74276954 | O34: 0.927 | P34: 42374.684 | Q34: =Q33 -> 0.018091371 | T34: 240 | U34: 34 | V34: 34 | X34: 14 | AC34: 5.97138e-10 | AD34: 4.72942e-10 | AE34: 4.84543e-10 | AF34: 3.51587e-10 | AG34: 5.84046e-10 | AH34: 5.16107e-10 | AI34: 2.2627e-10 | AJ34: 6.22069e-10 | AK34: 2.0724e-10 | AL34: 6.37848e-10 | AM34: 5.11505e-10 | AN34: 3.83523e-10
A35: 07160106_0333 | B35: UMN | C35: 56 | D35: null | E35: 1000 | F35: 31 | G35: cf | H35: side 1: -3.999, side 2: 4.4872 | I35: good | J35: ok | K35: =IF(AND(N35<0.7,N35>0.2),"lev OK","lev BAD") -> lev BAD | L35: =DATE(2000+MID(A35,3,2),MID(A35,5,2),MID(A35,7,2))+TIME(MID(A35,10,2),MID(A35,12,2),0) -> 42375.148 | M35: =M34&", """&A35&"""" -> "07160105_1029", "07160105_1127", "07160105_1234", "07160105_1333", "07160105_1429", "07160105_1709", "07160105_1806", "07160105_1902", "07160105_1959", "07160105_2056", "07160105_2152", "07160105_2249", "07160105_2346", "07160106_0043", "07160106_0139", "07160106_0236", "07160106_0333" | N35: =O35-(L35-P35)*24*Q35 -> 0.72558274 | O35: 0.927 | P35: 42374.684 | Q35: =Q34 -> 0.018091371 | AC35: 3.36012e-10 | AD35: 2.59294e-10 | AE35: 2.6187e-10 | AF35: 1.80441e-10 | AG35: 2.73266e-10 | AH35: 2.61219e-10 | AI35: 1.26868e-10 | AJ35: 3.37375e-10 | AK35: 1.07434e-10 | AL35: 3.25926e-10 | AM35: 2.83366e-10 | AN35: 2.17043e-10
A36: 07160106_0429 | B36: UMN | C36: 56 | D36: null | E36: 1000 | F36: 31 | G36: cf | H36: side 1: -3.999, side 2: 4.4872 | I36: good | J36: ok | K36: =IF(AND(N36<0.7,N36>0.2),"lev OK","lev BAD") -> lev BAD | L36: =DATE(2000+MID(A36,3,2),MID(A36,5,2),MID(A36,7,2))+TIME(MID(A36,10,2),MID(A36,12,2),0) -> 42375.187 | M36: =M35&", """&A36&"""" -> "07160105_1029", "07160105_1127", "07160105_1234", "07160105_1333", "07160105_1429", "07160105_1709", "07160105_1806", "07160105_1902", "07160105_1959", "07160105_2056", "07160105_2152", "07160105_2249", "07160105_2346", "07160106_0043", "07160106_0139", "07160106_0236", "07160106_0333", "07160106_0429" | N36: =O36-(L36-P36)*24*Q36 -> 0.70869746 | O36: 0.927 | P36: 42374.684 | Q36: =Q35 -> 0.018091371 | AC36: 1.86303e-10 | AD36: 1.46459e-10 | AE36: 1.62945e-10 | AF36: 1.09009e-10 | AG36: 1.80784e-10 | AH36: 1.66761e-10 | AI36: 7.45808e-11 | AJ36: 2.05643e-10 | AK36: 7.55583e-11 | AL36: 1.85703e-10 | AM36: 1.64102e-10 | AN36: 1.6997e-10
A37: 07160106_0526 | B37: UMN | C37: 56 | D37: null | E37: 1000 | F37: 31 | G37: cf | H37: side 1: -3.999, side 2: 4.4872 | I37: good | J37: ok | K37: =IF(AND(N37<0.7,N37>0.2),"lev OK","lev BAD") -> lev OK | L37: =DATE(2000+MID(A37,3,2),MID(A37,5,2),MID(A37,7,2))+TIME(MID(A37,10,2),MID(A37,12,2),0) -> 42375.226 | M37: =M36&", """&A37&"""" -> "07160105_1029", "07160105_1127", "07160105_1234", "07160105_1333", "07160105_1429", "07160105_1709", "07160105_1806", "07160105_1902", "07160105_1959", "07160105_2056", "07160105_2152", "07160105_2249", "07160105_2346", "07160106_0043", "07160106_0139", "07160106_0236", "07160106_0333", "07160106_0429", "07160106_0526" | N37: =O37-(L37-P37)*24*Q37 -> 0.69151066 | O37: 0.927 | P37: 42374.684 | Q37: =Q36 -> 0.018091371 | AC37: 1.11206e-10 | AD37: 1.16848e-10 | AE37: 1.01635e-10 | AF37: 6.8839e-11 | AG37: 1.02603e-10 | AH37: 1.11142e-10 | AI37: 4.86547e-11 | AJ37: 1.25661e-10 | AK37: 5.36598e-11 | AL37: 1.13815e-10 | AM37: 1.0069e-10 | AN37: 1.5865e-10
A38: 07160106_0623 | B38: UMN | C38: 56 | D38: null | E38: 1000 | F38: 31 | G38: cf | H38: side 1: -3.999, side 2: 4.4872 | I38: good | J38: ok | K38: =IF(AND(N38<0.7,N38>0.2),"lev OK","lev BAD") -> lev OK | L38: =DATE(2000+MID(A38,3,2),MID(A38,5,2),MID(A38,7,2))+TIME(MID(A38,10,2),MID(A38,12,2),0) -> 42375.266 | M38: =M37&", """&A38&"""" -> "07160105_1029", "07160105_1127", "07160105_1234", "07160105_1333", "07160105_1429", "07160105_1709", "07160105_1806", "07160105_1902", "07160105_1959", "07160105_2056", "07160105_2152", "07160105_2249", "07160105_2346", "07160106_0043", "07160106_0139", "07160106_0236", "07160106_0333", "07160106_0429", "07160106_0526", "07160106_0623" | N38: =O38-(L38-P38)*24*Q38 -> 0.67432386 | O38: 0.927 | P38: 42374.684 | Q38: =Q37 -> 0.018091371 | AC38: 1.32301e-10 | AD38: 9.94103e-11 | AE38: 1.06727e-10 | AF38: 7.65199e-11 | AG38: 1.11215e-10 | AH38: 1.22267e-10 | AI38: 5.64376e-11 | AJ38: 1.41344e-10 | AK38: 5.88432e-11 | AL38: 1.28553e-10 | AM38: 1.16178e-10 | AN38: 1.46552e-10
A39: 07160106_0720 | B39: UMN | C39: 56 | D39: null | E39: 1000 | F39: 31 | G39: cf | H39: side 1: -3.999, side 2: 4.4872 | I39: good | J39: ok | K39: =IF(AND(N39<0.7,N39>0.2),"lev OK","lev BAD") -> lev OK | L39: =DATE(2000+MID(A39,3,2),MID(A39,5,2),MID(A39,7,2))+TIME(MID(A39,10,2),MID(A39,12,2),0) -> 42375.306 | M39: =M38&", """&A39&"""" -> "07160105_1029", "07160105_1127", "07160105_1234", "07160105_1333", "07160105_1429", "07160105_1709", "07160105_1806", "07160105_1902", "07160105_1959", "07160105_2056", "07160105_2152", "07160105_2249", "07160105_2346", "07160106_0043", "07160106_0139", "07160106_0236", "07160106_0333", "07160106_0429", "07160106_0526", "07160106_0623", "07160106_0720" | N39: =O39-(L39-P39)*24*Q39 -> 0.65713706 | O39: 0.927 | P39: 42374.684 | Q39: =Q38 -> 0.018091371 | AC39: 1.75815e-10 | AD39: 1.3369e-10 | AE39: 1.48346e-10 | AF39: 1.13396e-10 | AG39: 1.57465e-10 | AH39: 1.62518e-10 | AI39: 7.31608e-11 | AJ39: 1.9317e-10 | AK39: 7.45373e-11 | AL39: 1.7758e-10 | AM39: 1.56682e-10 | AN39: 1.8358e-10
A40: 07160106_0816 | B40: UMN | C40: 56 | D40: null | E40: 1000 | F40: 31 | G40: cf | H40: side 1: -3.999, side 2: 4.4872 | I40: good | J40: ok | K40: =IF(AND(N40<0.7,N40>0.2),"lev OK","lev BAD") -> lev OK | L40: =DATE(2000+MID(A40,3,2),MID(A40,5,2),MID(A40,7,2))+TIME(MID(A40,10,2),MID(A40,12,2),0) -> 42375.344 | M40: =M39&", """&A40&"""" -> "07160105_1029", "07160105_1127", "07160105_1234", "07160105_1333", "07160105_1429", "07160105_1709", "07160105_1806", "07160105_1902", "07160105_1959", "07160105_2056", "07160105_2152", "07160105_2249", "07160105_2346", "07160106_0043", "07160106_0139", "07160106_0236", "07160106_0333", "07160106_0429", "07160106_0526", "07160106_0623", "07160106_0720", "07160106_0816" | N40: =O40-(L40-P40)*24*Q40 -> 0.64025178 | O40: 0.927 | P40: 42374.684 | Q40: =Q39 -> 0.018091371 | AC40: 1.27249e-10 | AD40: 1.00757e-10 | AE40: 1.07548e-10 | AF40: 7.70985e-11 | AG40: 1.19607e-10 | AH40: 1.21183e-10 | AI40: 5.46929e-11 | AJ40: 1.41108e-10 | AK40: 5.60446e-11 | AL40: 1.28139e-10 | AM40: 1.17884e-10 | AN40: 2.02328e-10
A41: 07160106_1058 | B41: UMN | C41: 56 | D41: null | E41: 1000 | F41: 32 | G41: bg | H41: side 1: -3.999, side 2: 4.4872 | I41: good | J41: ok | K41: =IF(AND(N41<0.7,N41>0.2),"lev OK","lev BAD") -> lev OK | L41: =DATE(2000+MID(A41,3,2),MID(A41,5,2),MID(A41,7,2))+TIME(MID(A41,10,2),MID(A41,12,2),0) -> 42375.457 | M41: double | N41: =O41-(L41-P41)*24*Q41 -> 0.58669787 | O41: 0.63 | P41: 42375.368 | Q41: =(O41-R41)/(S41-P41)/24 -> 0.020297872 | R41: 0.471 | S41: 42375.694 | AC41: 1.67815e-10 | AD41: 1.39456e-10 | AE41: 1.41714e-10 | AF41: 9.58833e-11 | AG41: 1.83557e-10 | AH41: 1.52133e-10 | AI41: 6.66366e-11 | AJ41: 1.79403e-10 | AK41: 6.37382e-11 | AL41: 1.7326e-10 | AM41: 1.49117e-10 | AN41: 1.75636e-10
A42: 07160106_1155 | B42: UMN | C42: 56 | D42: null | E42: 1000 | F42: 31 | G42: bg | H42: side 1: -3.999, side 2: 4.4872 | I42: good | J42: ok | K42: =IF(AND(N42<0.7,N42>0.2),"lev OK","lev BAD") -> lev OK | L42: =DATE(2000+MID(A42,3,2),MID(A42,5,2),MID(A42,7,2))+TIME(MID(A42,10,2),MID(A42,12,2),0) -> 42375.497 | M42: double | N42: =O42-(L42-P42)*24*Q42 -> 0.56741489 | O42: 0.63 | P42: 42375.368 | Q42: =Q41 -> 0.020297872 | AC42: 9.88725e-11 | AD42: 7.89276e-11 | AE42: 8.82931e-11 | AF42: 6.48452e-11 | AG42: 1.09105e-10 | AH42: 1.02234e-10 | AI42: 4.20092e-11 | AJ42: 1.20929e-10 | AK42: 4.58569e-11 | AL42: 9.84743e-11 | AM42: 8.75103e-11 | AN42: 1.55545e-10
A43: 07160106_1736 | B43: UMN | C43: 56 | D43: null | E43: 1000 | F43: 1 | G43: bg | H43: side 1: 0, side 2: 0 | I43: good | J43: ok | K43: =IF(AND(N43<0.7,N43>0.2),"lev OK","lev BAD") -> lev BAD | L43: =DATE(2000+MID(A43,3,2),MID(A43,5,2),MID(A43,7,2))+TIME(MID(A43,10,2),MID(A43,12,2),0) -> 42375.733 | M43: test | N43: =O43-(L43-P43)*24*Q43 -> 0.93936296 | O43: 0.944 | P43: 42375.722 | Q43: =(O43-R43)/(S43-P43)/24 -> 0.017388889 | R43: 0.631 | S43: 42376.472 | AC43: 7.1719e-11 | AD43: 4.89134e-11 | AE43: 5.31119e-11 | AF43: 4.88647e-11 | AG43: 8.5527e-11 | AH43: 5.94312e-11 | AI43: 3.39428e-11 | AJ43: 7.1294e-11 | AK43: 3.85008e-11 | AL43: 5.73255e-11 | AM43: 5.52414e-11 | AN43: 4.63503e-11
A44: 07160106_1739 | B44: UMN | C44: 56 | D44: null | E44: 0 | F44: 1 | G44: bg | H44: side 1: 0, side 2: 0 | I44: good | J44: no phonons | K44: =IF(AND(N44<0.7,N44>0.2),"lev OK","lev BAD") -> lev BAD | L44: =DATE(2000+MID(A44,3,2),MID(A44,5,2),MID(A44,7,2))+TIME(MID(A44,10,2),MID(A44,12,2),0) -> 42375.735 | M44: test | N44: =O44-(L44-P44)*24*Q44 -> 0.93849352 | O44: 0.944 | P44: 42375.722 | Q44: =Q43 -> 0.017388889 | AC44: 0 | AD44: 0 | AE44: 0 | AF44: 0 | AG44: 0 | AH44: 0 | AI44: 0 | AJ44: 0 | AK44: 0 | AL44: 0 | AM44: 0 | AN44: 0
A45: 07160106_1802 | B45: UMN | C45: 56 | D45: null | E45: 0 | F45: 1 | G45: 88-Y | H45: side 1: 0, side 2: 0 | I45: good | J45: no phonons | K45: =IF(AND(N45<0.7,N45>0.2),"lev OK","lev BAD") -> lev BAD | L45: =DATE(2000+MID(A45,3,2),MID(A45,5,2),MID(A45,7,2))+TIME(MID(A45,10,2),MID(A45,12,2),0) -> 42375.751 | M45: test | N45: =O45-(L45-P45)*24*Q45 -> 0.93182778 | O45: 0.944 | P45: 42375.722 | Q45: =Q44 -> 0.017388889 | AC45: 0 | AD45: 0 | AE45: 0 | AF45: 0 | AG45: 0 | AH45: 0 | AI45: 0 | AJ45: 0 | AK45: 0 | AL45: 0 | AM45: 0 | AN45: 0
A46: 07160106_1840 | B46: UMN | C46: 56 | D46: null | E46: 1000 | F46: 31 | G46: 88-Y | H46: side 1: -3.999, side 2: 4.4872 | I46: good | J46: ok | K46: =IF(AND(N46<0.7,N46>0.2),"lev OK","lev BAD") -> lev BAD | L46: =DATE(2000+MID(A46,3,2),MID(A46,5,2),MID(A46,7,2))+TIME(MID(A46,10,2),MID(A46,12,2),0) -> 42375.778 | M46: block 3 | N46: =O46-(L46-P46)*24*Q46 -> 0.92081481 | O46: 0.944 | P46: 42375.722 | Q46: =Q45 -> 0.017388889 | Z46: 105 | AA46: 72 | AC46: 8.87544e-10 | AD46: 7.16239e-10 | AE46: 7.31896e-10 | AF46: 5.07749e-10 | AG46: 7.49804e-10 | AH46: 7.62996e-10 | AI46: 3.46574e-10 | AJ46: 9.25289e-10 | AK46: 2.87194e-10 | AL46: 8.91073e-10 | AM46: 7.70655e-10 | AN46: 5.69654e-10
A47: 07160106_1936 | B47: UMN | C47: 56 | D47: null | E47: 1000 | F47: 31 | G47: 88-Y | H47: side 1: -3.999, side 2: 4.4872 | I47: good | J47: failed | K47: =IF(AND(N47<0.7,N47>0.2),"lev OK","lev BAD") -> lev BAD | L47: =DATE(2000+MID(A47,3,2),MID(A47,5,2),MID(A47,7,2))+TIME(MID(A47,10,2),MID(A47,12,2),0) -> 42375.817 | M47: block 3 | N47: =O47-(L47-P47)*24*Q47 -> 0.90458519 | O47: 0.944 | P47: 42375.722 | Q47: =Q46 -> 0.017388889 | T47: 211 | U47: 25 | W47: 191 | X47: 57 | Z47: 85 | AA47: 109 | AC47: 0 | AD47: 0 | AE47: 0 | AF47: 0 | AG47: 0 | AH47: 0 | AI47: 0 | AJ47: 0 | AK47: 0 | AL47: 0 | AM47: 0 | AN47: 0
A48: 07160106_2033 | B48: UMN | C48: 56 | D48: null | E48: 1000 | F48: 31 | G48: 88-Y | H48: side 1: -3.999, side 2: 4.4872 | I48: good | J48: failed | K48: =IF(AND(N48<0.7,N48>0.2),"lev OK","lev BAD") -> lev BAD | L48: =DATE(2000+MID(A48,3,2),MID(A48,5,2),MID(A48,7,2))+TIME(MID(A48,10,2),MID(A48,12,2),0) -> 42375.856 | M48: block 3 | N48: =O48-(L48-P48)*24*Q48 -> 0.88806574 | O48: 0.944 | P48: 42375.722 | Q48: =Q47 -> 0.017388889 | Z48: 237 | AA48: 48 | AC48: 0 | AD48: 0 | AE48: 0 | AF48: 0 | AG48: 0 | AH48: 0 | AI48: 0 | AJ48: 0 | AK48: 0 | AL48: 0 | AM48: 0 | AN48: 0
A49: 07160106_2130 | B49: UMN | C49: 56 | D49: null | E49: 1000 | F49: 32 | G49: 88-Y | H49: side 1: -3.999, side 2: 4.4872 | I49: good | J49: failed | K49: =IF(AND(N49<0.7,N49>0.2),"lev OK","lev BAD") -> lev BAD | L49: =DATE(2000+MID(A49,3,2),MID(A49,5,2),MID(A49,7,2))+TIME(MID(A49,10,2),MID(A49,12,2),0) -> 42375.896 | M49: block 3 | N49: =O49-(L49-P49)*24*Q49 -> 0.8715463 | O49: 0.944 | P49: 42375.722 | Q49: =Q48 -> 0.017388889 | Z49: 322 | AA49: 23 | AC49: 0 | AD49: 0 | AE49: 0 | AF49: 0 | AG49: 0 | AH49: 0 | AI49: 0 | AJ49: 0 | AK49: 0 | AL49: 0 | AM49: 0 | AN49: 0
A50: 07160106_2227 | B50: UMN | C50: 56 | D50: null | E50: 1000 | F50: 31 | G50: 88-Y | H50: side 1: -3.999, side 2: 4.4872 | I50: good | J50: failed | K50: =IF(AND(N50<0.7,N50>0.2),"lev OK","lev BAD") -> lev BAD | L50: =DATE(2000+MID(A50,3,2),MID(A50,5,2),MID(A50,7,2))+TIME(MID(A50,10,2),MID(A50,12,2),0) -> 42375.935 | M50: block 3 | N50: =O50-(L50-P50)*24*Q50 -> 0.85502685 | O50: 0.944 | P50: 42375.722 | Q50: =Q49 -> 0.017388889 | T50: 217 | U50: 45 | W50: 318 | X50: 43 | Z50: 186 | AA50: 55 | AC50: 0 | AD50: 0 | AE50: 0 | AF50: 0 | AG50: 0 | AH50: 0 | AI50: 0 | AJ50: 0 | AK50: 0 | AL50: 0 | AM50: 0 | AN50: 0
A51: 07160106_2323 | B51: UMN | C51: 56 | D51: null | E51: 1000 | F51: 31 | G51: 88-Y | H51: side 1: -3.999, side 2: 4.4872 | I51: good | J51: failed | K51: =IF(AND(N51<0.7,N51>0.2),"lev OK","lev BAD") -> lev BAD | L51: =DATE(2000+MID(A51,3,2),MID(A51,5,2),MID(A51,7,2))+TIME(MID(A51,10,2),MID(A51,12,2),0) -> 42375.974 | M51: block 3 | N51: =O51-(L51-P51)*24*Q51 -> 0.83879722 | O51: 0.944 | P51: 42375.722 | Q51: =Q50 -> 0.017388889 | Z51: 208 | AA51: 42 | AC51: 0 | AD51: 0 | AE51: 0 | AF51: 0 | AG51: 0 | AH51: 0 | AI51: 0 | AJ51: 0 | AK51: 0 | AL51: 0 | AM51: 0 | AN51: 0
A52: 07160107_0020 | B52: UMN | C52: 56 | D52: null | E52: 1000 | F52: 31 | G52: 88-Y | H52: side 1: -3.999, side 2: 4.4872 | I52: good | J52: failed | K52: =IF(AND(N52<0.7,N52>0.2),"lev OK","lev BAD") -> lev BAD | L52: =DATE(2000+MID(A52,3,2),MID(A52,5,2),MID(A52,7,2))+TIME(MID(A52,10,2),MID(A52,12,2),0) -> 42376.014 | M52: block 3 | N52: =O52-(L52-P52)*24*Q52 -> 0.82227778 | O52: 0.944 | P52: 42375.722 | Q52: =Q51 -> 0.017388889 | AC52: 0 | AD52: 0 | AE52: 0 | AF52: 0 | AG52: 0 | AH52: 0 | AI52: 0 | AJ52: 0 | AK52: 0 | AL52: 0 | AM52: 0 | AN52: 0
A53: 07160107_0117 | B53: UMN | C53: 56 | D53: null | E53: 1000 | F53: 31 | G53: 88-Y | H53: side 1: -3.999, side 2: 4.4872 | I53: good | J53: failed | K53: =IF(AND(N53<0.7,N53>0.2),"lev OK","lev BAD") -> lev BAD | L53: =DATE(2000+MID(A53,3,2),MID(A53,5,2),MID(A53,7,2))+TIME(MID(A53,10,2),MID(A53,12,2),0) -> 42376.053 | M53: block 3 | N53: =O53-(L53-P53)*24*Q53 -> 0.80575833 | O53: 0.944 | P53: 42375.722 | Q53: =Q52 -> 0.017388889 | T53: 239 | U53: 42 | W53: 192 | X53: 21 | Z53: =AVERAGE((Z43:Z51)) -> 190.5 | AA53: =AVERAGE((AA43:AA51)) -> 58.166667 | AC53: 0 | AD53: 0 | AE53: 0 | AF53: 0 | AG53: 0 | AH53: 0 | AI53: 0 | AJ53: 0 | AK53: 0 | AL53: 0 | AM53: 0 | AN53: 0
A54: 07160107_0213 | B54: UMN | C54: 56 | D54: null | E54: 1000 | F54: 31 | G54: 88-Y | H54: side 1: -3.999, side 2: 4.4872 | I54: good | J54: failed | K54: =IF(AND(N54<0.7,N54>0.2),"lev OK","lev BAD") -> lev BAD | L54: =DATE(2000+MID(A54,3,2),MID(A54,5,2),MID(A54,7,2))+TIME(MID(A54,10,2),MID(A54,12,2),0) -> 42376.092 | M54: block 3 | N54: =O54-(L54-P54)*24*Q54 -> 0.7895287 | O54: 0.944 | P54: 42375.722 | Q54: =Q53 -> 0.017388889 | Z54: =STDEV(Z43:Z51) -> 87.431688 | AA54: =STDEV(AA43:AA51) -> 29.620376 | AC54: 0 | AD54: 0 | AE54: 0 | AF54: 0 | AG54: 0 | AH54: 0 | AI54: 0 | AJ54: 0 | AK54: 0 | AL54: 0 | AM54: 0 | AN54: 0
A55: 07160107_0310 | B55: UMN | C55: 56 | D55: null | E55: 1000 | F55: 31 | G55: 88-Y | H55: side 1: -3.999, side 2: 4.4872 | I55: good | J55: ok | K55: =IF(AND(N55<0.7,N55>0.2),"lev OK","lev BAD") -> lev BAD | L55: =DATE(2000+MID(A55,3,2),MID(A55,5,2),MID(A55,7,2))+TIME(MID(A55,10,2),MID(A55,12,2),0) -> 42376.132 | M55: block 3 | N55: =O55-(L55-P55)*24*Q55 -> 0.77300926 | O55: 0.944 | P55: 42375.722 | Q55: =Q54 -> 0.017388889 | AC55: 1.26326e-09 | AD55: 1.00834e-09 | AE55: 1.01501e-09 | AF55: 6.86281e-10 | AG55: 1.12786e-09 | AH55: 1.01865e-09 | AI55: 4.78564e-10 | AJ55: 1.28649e-09 | AK55: 4.18248e-10 | AL55: 1.22175e-09 | AM55: 1.07286e-09 | AN55: 7.99591e-10
A56: 07160107_0407 | B56: UMN | C56: 56 | D56: null | E56: 1000 | F56: 31 | G56: 88-Y | H56: side 1: -3.999, side 2: 4.4872 | I56: good | J56: ok | K56: =IF(AND(N56<0.7,N56>0.2),"lev OK","lev BAD") -> lev BAD | L56: =DATE(2000+MID(A56,3,2),MID(A56,5,2),MID(A56,7,2))+TIME(MID(A56,10,2),MID(A56,12,2),0) -> 42376.172 | M56: block 3 | N56: =O56-(L56-P56)*24*Q56 -> 0.75648981 | O56: 0.944 | P56: 42375.722 | Q56: =Q55 -> 0.017388889 | T56: 191 | U56: 87 | W56: 59 | X56: 30 | AC56: 5.45978e-10 | AD56: 4.3963e-10 | AE56: 4.44693e-10 | AF56: 3.25875e-10 | AG56: 4.73695e-10 | AH56: 4.95934e-10 | AI56: 2.11671e-10 | AJ56: 5.76638e-10 | AK56: 1.89085e-10 | AL56: 5.42512e-10 | AM56: 4.80721e-10 | AN56: 4.05173e-10
A57: 07160107_0503 | B57: UMN | C57: 56 | D57: null | E57: 1000 | F57: 31 | G57: 88-Y | H57: side 1: -3.999, side 2: 4.4872 | I57: good | J57: ok | K57: =IF(AND(N57<0.7,N57>0.2),"lev OK","lev BAD") -> lev BAD | L57: =DATE(2000+MID(A57,3,2),MID(A57,5,2),MID(A57,7,2))+TIME(MID(A57,10,2),MID(A57,12,2),0) -> 42376.21 | M57: block 3 | N57: =O57-(L57-P57)*24*Q57 -> 0.74026019 | O57: 0.944 | P57: 42375.722 | Q57: =Q56 -> 0.017388889 | AC57: 4.77452e-10 | AD57: 3.92884e-10 | AE57: 3.87777e-10 | AF57: 2.74965e-10 | AG57: 4.34024e-10 | AH57: 4.14738e-10 | AI57: 1.86243e-10 | AJ57: 5.08445e-10 | AK57: 1.67894e-10 | AL57: 4.72499e-10 | AM57: 4.31845e-10 | AN57: 3.423e-10
A58: 07160107_0600 | B58: UMN | C58: 56 | D58: null | E58: 1000 | F58: 31 | G58: 88-Y | H58: side 1: -3.999, side 2: 4.4872 | I58: good | J58: ok | K58: =IF(AND(N58<0.7,N58>0.2),"lev OK","lev BAD") -> lev BAD | L58: =DATE(2000+MID(A58,3,2),MID(A58,5,2),MID(A58,7,2))+TIME(MID(A58,10,2),MID(A58,12,2),0) -> 42376.25 | M58: block 3 | N58: =O58-(L58-P58)*24*Q58 -> 0.72374074 | O58: 0.944 | P58: 42375.722 | Q58: =Q57 -> 0.017388889 | AC58: 1.99799e-10 | AD58: 1.75193e-10 | AE58: 1.77463e-10 | AF58: 1.19119e-10 | AG58: 1.76364e-10 | AH58: 1.80068e-10 | AI58: 7.86392e-11 | AJ58: 2.19717e-10 | AK58: 7.57477e-11 | AL58: 2.07566e-10 | AM58: 1.79872e-10 | AN58: 2.59639e-10
A59: 07160107_0657 | B59: UMN | C59: 56 | D59: null | E59: 1000 | F59: 31 | G59: 88-Y | H59: side 1: -3.999, side 2: 4.4872 | I59: good | J59: ok | K59: =IF(AND(N59<0.7,N59>0.2),"lev OK","lev BAD") -> lev BAD | L59: =DATE(2000+MID(A59,3,2),MID(A59,5,2),MID(A59,7,2))+TIME(MID(A59,10,2),MID(A59,12,2),0) -> 42376.29 | M59: block 3 | N59: =O59-(L59-P59)*24*Q59 -> 0.7072213 | O59: 0.944 | P59: 42375.722 | Q59: =Q58 -> 0.017388889 | AC59: 1.09537e-10 | AD59: 9.01677e-11 | AE59: 1.05854e-10 | AF59: 7.03574e-11 | AG59: 1.18213e-10 | AH59: 1.14169e-10 | AI59: 4.78907e-11 | AJ59: 1.27905e-10 | AK59: 4.86016e-11 | AL59: 1.16078e-10 | AM59: 1.02851e-10 | AN59: 1.89915e-10
A60: 07160107_0754 | B60: UMN | C60: 56 | D60: null | E60: 1000 | F60: 31 | G60: 88-Y | H60: side 1: -3.999, side 2: 4.4872 | I60: good | J60: ok | K60: =IF(AND(N60<0.7,N60>0.2),"lev OK","lev BAD") -> lev OK | L60: =DATE(2000+MID(A60,3,2),MID(A60,5,2),MID(A60,7,2))+TIME(MID(A60,10,2),MID(A60,12,2),0) -> 42376.329 | M60: block 3 | N60: =O60-(L60-P60)*24*Q60 -> 0.69070185 | O60: 0.944 | P60: 42375.722 | Q60: =Q59 -> 0.017388889 | AC60: 8.02148e-11 | AD60: 6.39381e-11 | AE60: 8.69117e-11 | AF60: 5.03658e-11 | AG60: 8.95731e-11 | AH60: 8.15042e-11 | AI60: 3.77144e-11 | AJ60: 9.60953e-11 | AK60: 4.28661e-11 | AL60: 8.4124e-11 | AM60: 7.44054e-11 | AN60: 1.15633e-10
A61: 07160107_0850 | B61: UMN | C61: 56 | D61: null | E61: 1000 | F61: 32 | G61: 88-Y | H61: side 1: -3.999, side 2: 4.4872 | I61: good | J61: ok | K61: =IF(AND(N61<0.7,N61>0.2),"lev OK","lev BAD") -> lev OK | L61: =DATE(2000+MID(A61,3,2),MID(A61,5,2),MID(A61,7,2))+TIME(MID(A61,10,2),MID(A61,12,2),0) -> 42376.368 | M61: block 3 | N61: =O61-(L61-P61)*24*Q61 -> 0.67447222 | O61: 0.944 | P61: 42375.722 | Q61: =Q60 -> 0.017388889 | AC61: 1.10937e-10 | AD61: 9.13117e-11 | AE61: 1.04751e-10 | AF61: 6.80155e-11 | AG61: 1.14771e-10 | AH61: 1.2011e-10 | AI61: 5.07778e-11 | AJ61: 1.33012e-10 | AK61: 5.30427e-11 | AL61: 1.15943e-10 | AM61: 1.07087e-10 | AN61: 1.85791e-10
A62: 07160107_0947 | B62: UMN | C62: 56 | D62: null | E62: 1000 | F62: 31 | G62: 88-Y | H62: side 1: -3.999, side 2: 4.4872 | I62: good | J62: ok | K62: =IF(AND(N62<0.7,N62>0.2),"lev OK","lev BAD") -> lev OK | L62: =DATE(2000+MID(A62,3,2),MID(A62,5,2),MID(A62,7,2))+TIME(MID(A62,10,2),MID(A62,12,2),0) -> 42376.408 | M62: block 3 | N62: =O62-(L62-P62)*24*Q62 -> 0.65795278 | O62: 0.944 | P62: 42375.722 | Q62: =Q61 -> 0.017388889 | AC62: 1.30312e-10 | AD62: 1.06124e-10 | AE62: 1.33842e-10 | AF62: 9.33535e-11 | AG62: 1.34739e-10 | AH62: 1.52328e-10 | AI62: 5.73022e-11 | AJ62: 1.57968e-10 | AK62: 6.02424e-11 | AL62: 1.32985e-10 | AM62: 1.31716e-10 | AN62: 2.03395e-10
A63: 07160107_1044 | B63: UMN | C63: 56 | D63: null | E63: 1000 | F63: 31 | G63: 88-Y | H63: side 1: -3.999, side 2: 4.4872 | I63: good | J63: ok | K63: =IF(AND(N63<0.7,N63>0.2),"lev OK","lev BAD") -> lev OK | L63: =DATE(2000+MID(A63,3,2),MID(A63,5,2),MID(A63,7,2))+TIME(MID(A63,10,2),MID(A63,12,2),0) -> 42376.447 | M63: block 3 | N63: =O63-(L63-P63)*24*Q63 -> 0.64143333 | O63: 0.944 | P63: 42375.722 | Q63: =Q62 -> 0.017388889 | AC63: 1.22855e-10 | AD63: 1.02339e-10 | AE63: 1.1712e-10 | AF63: 8.04516e-11 | AG63: 1.32427e-10 | AH63: 1.30362e-10 | AI63: 5.5499e-11 | AJ63: 1.46906e-10 | AK63: 6.16418e-11 | AL63: 1.31499e-10 | AM63: 1.14986e-10 | AN63: 2.00289e-10
A64: 07160107_1216 | B64: UMN | C64: 56 | D64: null | E64: 1000 | F64: 31 | G64: bg | H64: side 1: 4.014, side 2: -3.929 | I64: good | J64: ok | K64: =IF(AND(N64<0.7,N64>0.2),"lev OK","lev BAD") -> lev OK | L64: =DATE(2000+MID(A64,3,2),MID(A64,5,2),MID(A64,7,2))+TIME(MID(A64,10,2),MID(A64,12,2),0) -> 42376.511 | N64: =O64-(L64-P64)*24*Q64 -> 0.61294203 | O64: 0.631 | P64: 42376.472 | Q64: =(O64-R64)/(S64-P64)/24 -> 0.019347826 | R64: 0.186 | S64: 42377.431 | AC64: 1.34249e-10 | AD64: 1.05144e-10 | AE64: 1.34358e-10 | AF64: 7.71955e-11 | AG64: 1.0857e-10 | AH64: 1.13802e-10 | AI64: 5.45906e-11 | AJ64: 1.47713e-10 | AK64: 5.28214e-11 | AL64: 1.28613e-10 | AM64: 1.20403e-10 | AN64: 8.97529e-11
A65: 07160107_1655 | B65: UMN | C65: 56 | D65: null | E65: 0 | F65: null | G65: bg | H65: side 1: 4, side 2: 0 | I65: good | J65: no PES2 | K65: =IF(AND(N65<0.7,N65>0.2),"lev OK","lev BAD") -> lev OK | L65: =DATE(2000+MID(A65,3,2),MID(A65,5,2),MID(A65,7,2))+TIME(MID(A65,10,2),MID(A65,12,2),0) -> 42376.705 | N65: =O65-(L65-P65)*24*Q65 -> 0.52297464 | O65: 0.631 | P65: 42376.472 | Q65: =Q64 -> 0.019347826 | AC65: 9.78691e-12 | AD65: 1.82033e-11 | AE65: 1.5544e-11 | AF65: 6.71368e-12 | AG65: 6.55075e-12 | AH65: 4.2056e-11 | AI65: 1.22502e-11 | AJ65: 6.00426e-12 | AK65: 1.21348e-11 | AL65: 1.18459e-11 | AM65: 0 | AN65: 6.79012e-12
A66: 07160107_1749 | B66: UMN | C66: 56 | D66: null | E66: 0 | F66: 1 | G66: test | H66: side 1: 0, side 2: 0 | I66: good | J66: no phonons | K66: =IF(AND(N66<0.7,N66>0.2),"lev OK","lev BAD") -> lev OK | L66: =DATE(2000+MID(A66,3,2),MID(A66,5,2),MID(A66,7,2))+TIME(MID(A66,10,2),MID(A66,12,2),0) -> 42376.742 | N66: =O66-(L66-P66)*24*Q66 -> 0.50556159 | O66: 0.631 | P66: 42376.472 | Q66: =Q65 -> 0.019347826 | AC66: 0 | AD66: 0 | AE66: 0 | AF66: 0 | AG66: 0 | AH66: 0 | AI66: 0 | AJ66: 0 | AK66: 0 | AL66: 0 | AM66: 0 | AN66: 0
A67: 07160107_1853 | B67: UMN | C67: 56 | D67: null | E67: 0 | F67: 2 | G67: test | H67: side 1: 0, side 2: 0 | I67: good | J67: ok | K67: =IF(AND(N67<0.7,N67>0.2),"lev OK","lev BAD") -> lev OK | L67: =DATE(2000+MID(A67,3,2),MID(A67,5,2),MID(A67,7,2))+TIME(MID(A67,10,2),MID(A67,12,2),0) -> 42376.787 | N67: =O67-(L67-P67)*24*Q67 -> 0.48492391 | O67: 0.631 | P67: 42376.472 | Q67: =Q66 -> 0.019347826 | AC67: 3.04011e-10 | AD67: 5.00487e-10 | AE67: 2.61455e-10 | AF67: 1.6507e-10 | AG67: 2.34859e-10 | AH67: 5.75274e-10 | AI67: 1.08372e-10 | AJ67: 3.26968e-10 | AK67: 9.52521e-11 | AL67: 3.40897e-10 | AM67: 4.62414e-10 | AN67: 1.70755e-10
A68: 07160107_1951 | B68: UMN | C68: 56 | D68: null | E68: 1000 | F68: 31 | G68: 88-Y | H68: side 1: 4.014, side 2: -3.929 | I68: good | J68: ok | K68: =IF(AND(N68<0.7,N68>0.2),"lev OK","lev BAD") -> lev OK | L68: =DATE(2000+MID(A68,3,2),MID(A68,5,2),MID(A68,7,2))+TIME(MID(A68,10,2),MID(A68,12,2),0) -> 42376.827 | N68: =O68-(L68-P68)*24*Q68 -> 0.46622101 | O68: 0.631 | P68: 42376.472 | Q68: =Q67 -> 0.019347826 | AC68: 4.55602e-11 | AD68: 3.60099e-11 | AE68: 6.86599e-11 | AF68: 3.03939e-11 | AG68: 4.07487e-11 | AH68: 4.92577e-11 | AI68: 2.63825e-11 | AJ68: 5.77983e-11 | AK68: 3.22893e-11 | AL68: 4.64354e-11 | AM68: 4.31611e-11 | AN68: 3.79318e-11
A69: 07160107_2048 | B69: UMN | C69: 56 | D69: null | E69: 1000 | F69: 31 | G69: 88-Y | H69: side 1: 4.014, side 2: -3.929 | I69: good | J69: ok | K69: =IF(AND(N69<0.7,N69>0.2),"lev OK","lev BAD") -> lev OK | L69: =DATE(2000+MID(A69,3,2),MID(A69,5,2),MID(A69,7,2))+TIME(MID(A69,10,2),MID(A69,12,2),0) -> 42376.867 | N69: =O69-(L69-P69)*24*Q69 -> 0.44784058 | O69: 0.631 | P69: 42376.472 | Q69: =Q68 -> 0.019347826 | AC69: 5.42181e-11 | AD69: 3.87213e-11 | AE69: 6.1387e-11 | AF69: 3.86739e-11 | AG69: 4.34215e-11 | AH69: 5.1356e-11 | AI69: 2.99162e-11 | AJ69: 6.67781e-11 | AK69: 3.40614e-11 | AL69: 5.40625e-11 | AM69: 5.19795e-11 | AN69: 3.79521e-11
A70: 07160107_2145 | B70: UMN | C70: 56 | D70: null | E70: 1000 | F70: 32 | G70: 88-Y | H70: side 1: 4.014, side 2: -3.929 | I70: good | J70: ok | K70: =IF(AND(N70<0.7,N70>0.2),"lev OK","lev BAD") -> lev OK | L70: =DATE(2000+MID(A70,3,2),MID(A70,5,2),MID(A70,7,2))+TIME(MID(A70,10,2),MID(A70,12,2),0) -> 42376.906 | N70: =O70-(L70-P70)*24*Q70 -> 0.42946014 | O70: 0.631 | P70: 42376.472 | Q70: =Q69 -> 0.019347826 | AC70: 5.9984e-11 | AD70: 4.06896e-11 | AE70: 6.6695e-11 | AF70: 3.71278e-11 | AG70: 4.919e-11 | AH70: 5.93405e-11 | AI70: 3.16503e-11 | AJ70: 7.35268e-11 | AK70: 3.72751e-11 | AL70: 5.85379e-11 | AM70: 5.59834e-11 | AN70: 4.52687e-11
A71: 07160107_2241 | B71: UMN | C71: 56 | D71: null | E71: 1000 | F71: 31 | G71: 88-Y | H71: side 1: 4.014, side 2: -3.929 | I71: good | J71: ok | K71: =IF(AND(N71<0.7,N71>0.2),"lev OK","lev BAD") -> lev OK | L71: =DATE(2000+MID(A71,3,2),MID(A71,5,2),MID(A71,7,2))+TIME(MID(A71,10,2),MID(A71,12,2),0) -> 42376.945 | N71: =O71-(L71-P71)*24*Q71 -> 0.41140217 | O71: 0.631 | P71: 42376.472 | Q71: =Q70 -> 0.019347826 | AC71: 4.56e-11 | AD71: 3.35331e-11 | AE71: 4.95359e-11 | AF71: 3.03866e-11 | AG71: 3.86646e-11 | AH71: 4.62273e-11 | AI71: 2.70875e-11 | AJ71: 5.67715e-11 | AK71: 3.26457e-11 | AL71: 4.68335e-11 | AM71: 4.16964e-11 | AN71: 3.46576e-11
A72: 07160107_2338 | B72: UMN | C72: 56 | D72: null | E72: 1000 | F72: 31 | G72: 88-Y | H72: side 1: 4.014, side 2: -3.929 | I72: good | J72: ok | K72: =IF(AND(N72<0.7,N72>0.2),"lev OK","lev BAD") -> lev OK | L72: =DATE(2000+MID(A72,3,2),MID(A72,5,2),MID(A72,7,2))+TIME(MID(A72,10,2),MID(A72,12,2),0) -> 42376.985 | N72: =O72-(L72-P72)*24*Q72 -> 0.39302174 | O72: 0.631 | P72: 42376.472 | Q72: =Q71 -> 0.019347826 | AC72: 5.68087e-11 | AD72: 4.49599e-11 | AE72: 6.1533e-11 | AF72: 4.0927e-11 | AG72: 4.99695e-11 | AH72: 6.13703e-11 | AI72: 3.02337e-11 | AJ72: 7.29157e-11 | AK72: 3.62062e-11 | AL72: 5.53472e-11 | AM72: 5.64898e-11 | AN72: 4.59134e-11
A73: 07160108_0035 | B73: UMN | C73: 56 | D73: null | E73: 1000 | F73: 32 | G73: 88-Y | H73: side 1: 4.014, side 2: -3.929 | I73: good | J73: ok | K73: =IF(AND(N73<0.7,N73>0.2),"lev OK","lev BAD") -> lev OK | L73: =DATE(2000+MID(A73,3,2),MID(A73,5,2),MID(A73,7,2))+TIME(MID(A73,10,2),MID(A73,12,2),0) -> 42377.024 | N73: =O73-(L73-P73)*24*Q73 -> 0.3746413 | O73: 0.631 | P73: 42376.472 | Q73: =Q72 -> 0.019347826 | AC73: 5.97137e-11 | AD73: 4.46183e-11 | AE73: 6.83626e-11 | AF73: 4.36996e-11 | AG73: 4.79134e-11 | AH73: 6.08844e-11 | AI73: 3.00133e-11 | AJ73: 6.94267e-11 | AK73: 3.52906e-11 | AL73: 5.92691e-11 | AM73: 5.5041e-11 | AN73: 3.89554e-11
A74: 07160108_0132 | B74: UMN | C74: 56 | D74: null | E74: 1000 | F74: 31 | G74: 88-Y | H74: side 1: 4.014, side 2: -3.929 | I74: good | J74: ok | K74: =IF(AND(N74<0.7,N74>0.2),"lev OK","lev BAD") -> lev OK | L74: =DATE(2000+MID(A74,3,2),MID(A74,5,2),MID(A74,7,2))+TIME(MID(A74,10,2),MID(A74,12,2),0) -> 42377.064 | N74: =O74-(L74-P74)*24*Q74 -> 0.35626087 | O74: 0.631 | P74: 42376.472 | Q74: =Q73 -> 0.019347826 | AC74: 7.85786e-11 | AD74: 5.81431e-11 | AE74: 7.45924e-11 | AF74: 5.1369e-11 | AG74: 5.91653e-11 | AH74: 7.26553e-11 | AI74: 3.83308e-11 | AJ74: 9.40693e-11 | AK74: 4.13177e-11 | AL74: 7.67139e-11 | AM74: 7.41876e-11 | AN74: 5.62281e-11
A75: 07160108_0228 | B75: UMN | C75: 56 | D75: null | E75: 1000 | F75: 32 | G75: 88-Y | H75: side 1: 4.014, side 2: -3.929 | I75: good | J75: ok | K75: =IF(AND(N75<0.7,N75>0.2),"lev OK","lev BAD") -> lev OK | L75: =DATE(2000+MID(A75,3,2),MID(A75,5,2),MID(A75,7,2))+TIME(MID(A75,10,2),MID(A75,12,2),0) -> 42377.103 | N75: =O75-(L75-P75)*24*Q75 -> 0.3382029 | O75: 0.631 | P75: 42376.472 | Q75: =Q74 -> 0.019347826 | AC75: 6.04554e-11 | AD75: 4.40993e-11 | AE75: 6.1745e-11 | AF75: 4.16383e-11 | AG75: 4.43816e-11 | AH75: 6.45675e-11 | AI75: 3.24583e-11 | AJ75: 7.04428e-11 | AK75: 3.5907e-11 | AL75: 5.93679e-11 | AM75: 5.72335e-11 | AN75: 3.95172e-11
A76: 07160108_0325 | B76: UMN | C76: 56 | D76: null | E76: 1000 | F76: 31 | G76: 88-Y | H76: side 1: 4.014, side 2: -3.929 | I76: good | J76: ok | K76: =IF(AND(N76<0.7,N76>0.2),"lev OK","lev BAD") -> lev OK | L76: =DATE(2000+MID(A76,3,2),MID(A76,5,2),MID(A76,7,2))+TIME(MID(A76,10,2),MID(A76,12,2),0) -> 42377.142 | N76: =O76-(L76-P76)*24*Q76 -> 0.31982246 | O76: 0.631 | P76: 42376.472 | Q76: =Q75 -> 0.019347826 | AC76: 6.8837e-11 | AD76: 5.23504e-11 | AE76: 7.10912e-11 | AF76: 5.17845e-11 | AG76: 5.29486e-11 | AH76: 7.27226e-11 | AI76: 3.46161e-11 | AJ76: 8.5778e-11 | AK76: 4.09845e-11 | AL76: 6.81041e-11 | AM76: 6.85719e-11 | AN76: 5.29478e-11
A77: 07160108_0422 | B77: UMN | C77: 56 | D77: null | E77: 1000 | F77: 31 | G77: 88-Y | H77: side 1: 4.014, side 2: -3.929 | I77: good | J77: ok | K77: =IF(AND(N77<0.7,N77>0.2),"lev OK","lev BAD") -> lev OK | L77: =DATE(2000+MID(A77,3,2),MID(A77,5,2),MID(A77,7,2))+TIME(MID(A77,10,2),MID(A77,12,2),0) -> 42377.182 | N77: =O77-(L77-P77)*24*Q77 -> 0.30144203 | O77: 0.631 | P77: 42376.472 | Q77: =Q76 -> 0.019347826 | AC77: 6.68496e-11 | AD77: 4.99217e-11 | AE77: 7.38011e-11 | AF77: 4.43049e-11 | AG77: 6.83501e-11 | AH77: 7.04722e-11 | AI77: 3.42099e-11 | AJ77: 8.34949e-11 | AK77: 3.82955e-11 | AL77: 6.90035e-11 | AM77: 6.21423e-11 | AN77: 4.59638e-11
... A81: 07160108_0809 | B81: UMN | C81: 56 | D81: null | E81: 1000 | F81: 31 | G81: 88-Y | H81: side 1: 4.014, side 2: -3.929 | I81: good | J81: ok | K81: =IF(AND(N81<0.7,N81>0.2),"lev OK","lev BAD") -> lev OK | L81: =DATE(2000+MID(A81,3,2),MID(A81,5,2),MID(A81,7,2))+TIME(MID(A81,10,2),MID(A81,12,2),0) -> 42377.34 | N81: =O81-(L81-P81)*24*Q81 -> 0.22824275 | O81: 0.631 | P81: 42376.472 | Q81: =Q80 -> 0.019347826 | AC81: 2.81792e-10 | AD81: 2.12388e-10 | AE81: 2.41819e-10 | AF81: 1.60572e-10 | AG81: 1.60451e-10 | AH81: 2.34186e-10 | AI81: 1.10331e-10 | AJ81: 2.89203e-10 | AK81: 9.94141e-11 | AL81: 2.64177e-10 | AM81: 2.45623e-10 | AN81: 1.50979e-10
A82: 07160108_2004 | B82: UMN | C82: 56 | D82: null | E82: 1000 | F82: 31 | G82: 88-Y | H82: side 1: 4.014, side 2: -3.929 | I82: good | J82: no phonons | K82: =IF(AND(N82<0.7,N82>0.2),"lev OK","lev BAD") -> lev BAD | L82: =DATE(2000+MID(A82,3,2),MID(A82,5,2),MID(A82,7,2))+TIME(MID(A82,10,2),MID(A82,12,2),0) -> 42377.836 | N82: =O82-(L82-P82)*24*Q82 -> 0.80150157 | O82: 0.811 | P82: 42377.815 | Q82: =(O82-R82)/(S82-P82)/24 -> 0.018996865 | R82: 0.407 | S82: 42378.701 | AC82: 0 | AD82: 0 | AE82: 0 | AF82: 0 | AG82: 0 | AH82: 0 | AI82: 0 | AJ82: 0 | AK82: 0 | AL82: 0 | AM82: 0 | AN82: 0
A83: 07160108_2101 | B83: UMN | C83: 56 | D83: null | E83: 1000 | F83: 31 | G83: 88-Y | H83: side 1: 4.014, side 2: -3.929 | I83: good | J83: ok | K83: =IF(AND(N83<0.7,N83>0.2),"lev OK","lev BAD") -> lev BAD | L83: =DATE(2000+MID(A83,3,2),MID(A83,5,2),MID(A83,7,2))+TIME(MID(A83,10,2),MID(A83,12,2),0) -> 42377.876 | N83: =O83-(L83-P83)*24*Q83 -> 0.78345455 | O83: =O82 -> 0.811 | P83: =P82 -> 42377.815 | Q83: =Q82 -> 0.018996865 | AC83: 1.1444e-09 | AD83: 9.24169e-10 | AE83: 9.30748e-10 | AF83: 6.15795e-10 | AG83: 8.94148e-10 | AH83: 9.13942e-10 | AI83: 4.50474e-10 | AJ83: 1.1842e-09 | AK83: 3.72446e-10 | AL83: 1.14494e-09 | AM83: 9.86979e-10 | AN83: 6.8538e-10
A84: 07160108_2158 | B84: UMN | C84: 56 | D84: null | E84: 1000 | F84: 31 | G84: 88-Y | H84: side 1: 4.014, side 2: -3.929 | I84: good | J84: ok | K84: =IF(AND(N84<0.7,N84>0.2),"lev OK","lev BAD") -> lev BAD | L84: =DATE(2000+MID(A84,3,2),MID(A84,5,2),MID(A84,7,2))+TIME(MID(A84,10,2),MID(A84,12,2),0) -> 42377.915 | N84: =O84-(L84-P84)*24*Q84 -> 0.76540752 | O84: =O83 -> 0.811 | P84: =P83 -> 42377.815 | Q84: =Q83 -> 0.018996865 | AC84: 7.64454e-10 | AD84: 6.25087e-10 | AE84: 6.50569e-10 | AF84: 4.24992e-10 | AG84: 5.26884e-10 | AH84: 6.21957e-10 | AI84: 2.96562e-10 | AJ84: 8.09051e-10 | AK84: 2.51535e-10 | AL84: 7.58176e-10 | AM84: 6.64539e-10 | AN84: 4.98354e-10
A85: 07160108_2255 | B85: UMN | C85: 56 | D85: null | E85: 1000 | F85: 31 | G85: 88-Y | H85: side 1: 4.014, side 2: -3.929 | I85: good | J85: ok | K85: =IF(AND(N85<0.7,N85>0.2),"lev OK","lev BAD") -> lev BAD | L85: =DATE(2000+MID(A85,3,2),MID(A85,5,2),MID(A85,7,2))+TIME(MID(A85,10,2),MID(A85,12,2),0) -> 42377.955 | N85: =O85-(L85-P85)*24*Q85 -> 0.7473605 | O85: =O84 -> 0.811 | P85: =P84 -> 42377.815 | Q85: =Q84 -> 0.018996865 | AC85: 5.14998e-10 | AD85: 4.19745e-10 | AE85: 4.33579e-10 | AF85: 2.96687e-10 | AG85: 3.38935e-10 | AH85: 4.4603e-10 | AI85: 2.03651e-10 | AJ85: 5.48928e-10 | AK85: 1.73167e-10 | AL85: 5.07299e-10 | AM85: 4.60717e-10 | AN85: 3.25552e-10
A86: 07160108_2351 | B86: UMN | C86: 56 | D86: null | E86: 1000 | F86: 31 | G86: 88-Y | H86: side 1: 4.014, side 2: -3.929 | I86: good | J86: ok | K86: =IF(AND(N86<0.7,N86>0.2),"lev OK","lev BAD") -> lev BAD | L86: =DATE(2000+MID(A86,3,2),MID(A86,5,2),MID(A86,7,2))+TIME(MID(A86,10,2),MID(A86,12,2),0) -> 42377.994 | N86: =O86-(L86-P86)*24*Q86 -> 0.72963009 | O86: =O85 -> 0.811 | P86: =P85 -> 42377.815 | Q86: =Q85 -> 0.018996865 | AC86: 2.76475e-10 | AD86: 2.27832e-10 | AE86: 2.3243e-10 | AF86: 1.61921e-10 | AG86: 2.22305e-10 | AH86: 2.36204e-10 | AI86: 1.09953e-10 | AJ86: 2.98252e-10 | AK86: 9.68401e-11 | AL86: 2.76121e-10 | AM86: 2.4486e-10 | AN86: 1.76059e-10
A87: 07160109_0048 | B87: UMN | C87: 56 | D87: null | E87: 1000 | F87: 31 | G87: 88-Y | H87: side 1: 4.014, side 2: -3.929 | I87: good | J87: ok | K87: =IF(AND(N87<0.7,N87>0.2),"lev OK","lev BAD") -> lev BAD | L87: =DATE(2000+MID(A87,3,2),MID(A87,5,2),MID(A87,7,2))+TIME(MID(A87,10,2),MID(A87,12,2),0) -> 42378.033 | N87: =O87-(L87-P87)*24*Q87 -> 0.71158307 | O87: =O86 -> 0.811 | P87: =P86 -> 42377.815 | Q87: =Q86 -> 0.018996865 | AC87: 5.34883e-11 | AD87: 4.15146e-11 | AE87: 4.82981e-11 | AF87: 3.33882e-11 | AG87: 6.85245e-11 | AH87: 5.59351e-11 | AI87: 2.88357e-11 | AJ87: 6.66461e-11 | AK87: 3.57876e-11 | AL87: 6.0655e-11 | AM87: 4.82362e-11 | AN87: 3.80676e-11
A88: 07160109_0145 | B88: UMN | C88: 56 | D88: null | E88: 1000 | F88: 31 | G88: 88-Y | H88: side 1: 4.014, side 2: -3.929 | I88: good | J88: ok | K88: =IF(AND(N88<0.7,N88>0.2),"lev OK","lev BAD") -> lev OK | L88: =DATE(2000+MID(A88,3,2),MID(A88,5,2),MID(A88,7,2))+TIME(MID(A88,10,2),MID(A88,12,2),0) -> 42378.073 | N88: =O88-(L88-P88)*24*Q88 -> 0.69353605 | O88: =O87 -> 0.811 | P88: =P87 -> 42377.815 | Q88: =Q87 -> 0.018996865 | AC88: 1.00368e-10 | AD88: 8.25629e-11 | AE88: 9.23518e-11 | AF88: 6.98912e-11 | AG88: 1.20044e-10 | AH88: 9.94827e-11 | AI88: 4.46825e-11 | AJ88: 1.21778e-10 | AK88: 4.90943e-11 | AL88: 1.02545e-10 | AM88: 9.1547e-11 | AN88: 8.01469e-11
A89: 07160109_0242 | B89: UMN | C89: 56 | D89: null | E89: 1000 | F89: 31 | G89: 88-Y | H89: side 1: 4.014, side 2: -3.929 | I89: good | J89: ok | K89: =IF(AND(N89<0.7,N89>0.2),"lev OK","lev BAD") -> lev OK | L89: =DATE(2000+MID(A89,3,2),MID(A89,5,2),MID(A89,7,2))+TIME(MID(A89,10,2),MID(A89,12,2),0) -> 42378.113 | N89: =O89-(L89-P89)*24*Q89 -> 0.67548903 | O89: =O88 -> 0.811 | P89: =P88 -> 42377.815 | Q89: =Q88 -> 0.018996865 | AC89: 5.62113e-11 | AD89: 4.3025e-11 | AE89: 5.39983e-11 | AF89: 3.69802e-11 | AG89: 6.93244e-11 | AH89: 5.45274e-11 | AI89: 3.01224e-11 | AJ89: 7.16987e-11 | AK89: 3.60507e-11 | AL89: 6.27712e-11 | AM89: 5.19134e-11 | AN89: 4.32555e-11
A90: 07160109_0338 | B90: UMN | C90: 56 | D90: null | E90: 1000 | F90: 31 | G90: 88-Y | H90: side 1: 4.014, side 2: -3.929 | I90: good | J90: ok | K90: =IF(AND(N90<0.7,N90>0.2),"lev OK","lev BAD") -> lev OK | L90: =DATE(2000+MID(A90,3,2),MID(A90,5,2),MID(A90,7,2))+TIME(MID(A90,10,2),MID(A90,12,2),0) -> 42378.151 | N90: =O90-(L90-P90)*24*Q90 -> 0.65775862 | O90: =O89 -> 0.811 | P90: =P89 -> 42377.815 | Q90: =Q89 -> 0.018996865 | AC90: 5.86377e-11 | AD90: 4.81705e-11 | AE90: 6.24079e-11 | AF90: 3.78739e-11 | AG90: 8.78279e-11 | AH90: 6.05503e-11 | AI90: 3.15013e-11 | AJ90: 7.66763e-11 | AK90: 3.67187e-11 | AL90: 5.97607e-11 | AM90: 5.45809e-11 | AN90: 5.14548e-11
A91: 07160109_0435 | B91: UMN | C91: 56 | D91: null | E91: 1000 | F91: 31 | G91: 88-Y | H91: side 1: 4.014, side 2: -3.929 | I91: good | J91: ok | K91: =IF(AND(N91<0.7,N91>0.2),"lev OK","lev BAD") -> lev OK | L91: =DATE(2000+MID(A91,3,2),MID(A91,5,2),MID(A91,7,2))+TIME(MID(A91,10,2),MID(A91,12,2),0) -> 42378.191 | N91: =O91-(L91-P91)*24*Q91 -> 0.6397116 | O91: =O90 -> 0.811 | P91: =P90 -> 42377.815 | Q91: =Q90 -> 0.018996865 | AC91: 4.94826e-11 | AD91: 3.92962e-11 | AE91: 5.13398e-11 | AF91: 3.29544e-11 | AG91: 6.602e-11 | AH91: 5.24942e-11 | AI91: 2.69888e-11 | AJ91: 6.39289e-11 | AK91: 3.24243e-11 | AL91: 5.47742e-11 | AM91: 4.47067e-11 | AN91: 4.19292e-11
A92: 07160109_0532 | B92: UMN | C92: 56 | D92: null | E92: 1000 | F92: 31 | G92: 88-Y | H92: side 1: 4.014, side 2: -3.929 | I92: good | J92: ok | K92: =IF(AND(N92<0.7,N92>0.2),"lev OK","lev BAD") -> lev OK | L92: =DATE(2000+MID(A92,3,2),MID(A92,5,2),MID(A92,7,2))+TIME(MID(A92,10,2),MID(A92,12,2),0) -> 42378.231 | N92: =O92-(L92-P92)*24*Q92 -> 0.62166458 | O92: =O91 -> 0.811 | P92: =P91 -> 42377.815 | Q92: =Q91 -> 0.018996865 | AC92: 9.51868e-11 | AD92: 7.88837e-11 | AE92: 8.55662e-11 | AF92: 6.19113e-11 | AG92: 1.27956e-10 | AH92: 9.13606e-11 | AI92: 4.03119e-11 | AJ92: 1.12387e-10 | AK92: 4.44137e-11 | AL92: 9.43282e-11 | AM92: 8.51978e-11 | AN92: 7.35719e-11
A93: 07160109_0628 | B93: UMN | C93: 56 | D93: null | E93: 1000 | F93: 32 | G93: 88-Y | H93: side 1: 4.014, side 2: -3.929 | I93: good | J93: ok | K93: =IF(AND(N93<0.7,N93>0.2),"lev OK","lev BAD") -> lev OK | L93: =DATE(2000+MID(A93,3,2),MID(A93,5,2),MID(A93,7,2))+TIME(MID(A93,10,2),MID(A93,12,2),0) -> 42378.269 | N93: =O93-(L93-P93)*24*Q93 -> 0.60393417 | O93: =O92 -> 0.811 | P93: =P92 -> 42377.815 | Q93: =Q92 -> 0.018996865 | AC93: 6.80226e-11 | AD93: 5.30018e-11 | AE93: 6.0062e-11 | AF93: 4.49941e-11 | AG93: 9.52241e-11 | AH93: 7.11801e-11 | AI93: 3.39267e-11 | AJ93: 8.56182e-11 | AK93: 3.89211e-11 | AL93: 7.21635e-11 | AM93: 6.26911e-11 | AN93: 5.45724e-11
A94: 07160109_0725 | B94: UMN | C94: 56 | D94: null | E94: 1000 | F94: 31 | G94: 88-Y | H94: side 1: 4.014, side 2: -3.929 | I94: good | J94: ok | K94: =IF(AND(N94<0.7,N94>0.2),"lev OK","lev BAD") -> lev OK | L94: =DATE(2000+MID(A94,3,2),MID(A94,5,2),MID(A94,7,2))+TIME(MID(A94,10,2),MID(A94,12,2),0) -> 42378.309 | N94: =O94-(L94-P94)*24*Q94 -> 0.58588715 | O94: =O93 -> 0.811 | P94: =P93 -> 42377.815 | Q94: =Q93 -> 0.018996865 | AC94: 5.51481e-11 | AD94: 4.49725e-11 | AE94: 5.62968e-11 | AF94: 3.59548e-11 | AG94: 9.22956e-11 | AH94: 6.14381e-11 | AI94: 3.04216e-11 | AJ94: 7.46064e-11 | AK94: 3.67707e-11 | AL94: 5.90156e-11 | AM94: 5.13482e-11 | AN94: 5.12226e-11
... A101: 07160109_1727 | B101: UMN | C101: 56 | D101: null | E101: 10 | F101: 1 | G101: test | H101: side 1: 0, side 2: 0 | I101: good | J101: no phonons | K101: =IF(AND(N101<0.7,N101>0.2),"lev OK","lev BAD") -> lev OK | L101: =DATE(2000+MID(A101,3,2),MID(A101,5,2),MID(A101,7,2))+TIME(MID(A101,10,2),MID(A101,12,2),0) -> 42378.727 | N101: =O101-(L101-P101)*24*Q101 -> 0.39528527 | O101: =O100 -> 0.811 | P101: =P100 -> 42377.815 | Q101: =Q100 -> 0.018996865 | AC101: 0 | AD101: 0 | AE101: 0 | AF101: 0 | AG101: 0 | AH101: 0 | AI101: 0 | AJ101: 0 | AK101: 0 | AL101: 0 | AM101: 0 | AN101: 0
A102: 07160109_1820 | B102: UMN | C102: 56 | D102: null | E102: 10 | F102: 5 | G102: test | H102: side 1: 4, side 2: 0 | I102: good | J102: no PES2 | K102: =IF(AND(N102<0.7,N102>0.2),"lev OK","lev BAD") -> lev BAD | L102: =DATE(2000+MID(A102,3,2),MID(A102,5,2),MID(A102,7,2))+TIME(MID(A102,10,2),MID(A102,12,2),0) -> 42378.764 | N102: =O102-(L102-P102)*24*Q102 -> 0.92874403 | O102: 0.934 | P102: 42378.747 | Q102: =(O102-R102)/(S102-P102)/24 -> 0.012614334 | R102: 0.626 | S102: 42379.764 | AC102: 9.33766e-12 | AD102: 1.01894e-11 | AE102: 9.70371e-12 | AF102: 2.53457e-11 | AG102: 5.39369e-12 | AH102: 5.57625e-11 | AI102: 2.11934e-11 | AJ102: 6.2676e-12 | AK102: 1.22624e-11 | AL102: 1.169e-11 | AM102: 0 | AN102: 6.90358e-12
A103: 07160109_1825 | B103: UMN | C103: 56 | D103: null | E103: 10 | F103: 5 | G103: test | H103: side 1: 4, side 2: 0 | I103: good | J103: ok | K103: =IF(AND(N103<0.7,N103>0.2),"lev OK","lev BAD") -> lev BAD | L103: =DATE(2000+MID(A103,3,2),MID(A103,5,2),MID(A103,7,2))+TIME(MID(A103,10,2),MID(A103,12,2),0) -> 42378.767 | N103: =O103-(L103-P103)*24*Q103 -> 0.92769283 | O103: =O102 -> 0.934 | P103: =P102 -> 42378.747 | Q103: =Q102 -> 0.012614334 | AC103: 8.51729e-12 | AD103: 1.08661e-11 | AE103: 7.62176e-12 | AF103: 1.60736e-11 | AG103: 4.66948e-12 | AH103: 4.39536e-11 | AI103: 2.77515e-11 | AJ103: 7.32014e-12 | AK103: 7.61963e-12 | AL103: 9.12588e-12 | AM103: 4.9974e-12 | AN103: 6.15892e-12
A104: 07160109_1915 | B104: UMN | C104: 56 | D104: null | E104: 10 | F104: 31 | G104: 88-Y | H104: side 1: -3.999, side 2: 4.4872 | I104: good | J104: ok | K104: =IF(AND(N104<0.7,N104>0.2),"lev OK","lev BAD") -> lev BAD | L104: =DATE(2000+MID(A104,3,2),MID(A104,5,2),MID(A104,7,2))+TIME(MID(A104,10,2),MID(A104,12,2),0) -> 42378.802 | N104: =O104-(L104-P104)*24*Q104 -> 0.91718089 | O104: =O103 -> 0.934 | P104: =P103 -> 42378.747 | Q104: =Q103 -> 0.012614334 | AC104: 1.32914e-10 | AD104: 9.83543e-11 | AE104: 9.75867e-11 | AF104: 8.19366e-11 | AG104: 6.5002e-11 | AH104: 1.23328e-10 | AI104: 6.16587e-11 | AJ104: 1.4848e-10 | AK104: 5.72567e-11 | AL104: 1.22017e-10 | AM104: 1.24977e-10 | AN104: 1.11688e-10
A105: 07160109_2011 | B105: UMN | C105: 56 | D105: null | E105: 10 | F105: 31 | G105: 88-Y | H105: side 1: -3.999, side 2: 4.4872 | I105: good | J105: ok | K105: =IF(AND(N105<0.7,N105>0.2),"lev OK","lev BAD") -> lev BAD | L105: =DATE(2000+MID(A105,3,2),MID(A105,5,2),MID(A105,7,2))+TIME(MID(A105,10,2),MID(A105,12,2),0) -> 42378.841 | N105: =O105-(L105-P105)*24*Q105 -> 0.90540751 | O105: =O104 -> 0.934 | P105: =P104 -> 42378.747 | Q105: =Q104 -> 0.012614334 | AC105: 2.53958e-10 | AD105: 4.32812e-10 | AE105: 2.43846e-10 | AF105: 1.47573e-10 | AG105: 3.10245e-10 | AH105: 5.87835e-10 | AI105: 9.1524e-11 | AJ105: 3.67618e-10 | AK105: 1.15694e-10 | AL105: 2.81666e-10 | AM105: 2.41413e-10 | AN105: 2.84123e-10
A106: 07160109_2107 | B106: UMN | C106: 56 | D106: null | E106: 10 | F106: 31 | G106: 88-Y | H106: side 1: -3.999, side 2: 4.4872 | I106: good | J106: ok | K106: =IF(AND(N106<0.7,N106>0.2),"lev OK","lev BAD") -> lev BAD | L106: =DATE(2000+MID(A106,3,2),MID(A106,5,2),MID(A106,7,2))+TIME(MID(A106,10,2),MID(A106,12,2),0) -> 42378.88 | N106: =O106-(L106-P106)*24*Q106 -> 0.89363413 | O106: =O105 -> 0.934 | P106: =P105 -> 42378.747 | Q106: =Q105 -> 0.012614334 | AC106: 4.97867e-10 | AD106: 7.43314e-10 | AE106: 5.56829e-10 | AF106: 4.39609e-10 | AG106: 4.93288e-10 | AH106: 6.78819e-10 | AI106: 1.88832e-10 | AJ106: 5.56772e-10 | AK106: 1.77626e-10 | AL106: 5.00712e-10 | AM106: 6.91758e-10 | AN106: 3.8459e-10
A107: 07160109_2203 | B107: UMN | C107: 56 | D107: null | E107: 10 | F107: 31 | G107: 88-Y | H107: side 1: -3.999, side 2: 4.4872 | I107: good | J107: ok | K107: =IF(AND(N107<0.7,N107>0.2),"lev OK","lev BAD") -> lev BAD | L107: =DATE(2000+MID(A107,3,2),MID(A107,5,2),MID(A107,7,2))+TIME(MID(A107,10,2),MID(A107,12,2),0) -> 42378.919 | N107: =O107-(L107-P107)*24*Q107 -> 0.88186075 | O107: =O106 -> 0.934 | P107: =P106 -> 42378.747 | Q107: =Q106 -> 0.012614334 | AC107: 2.76907e-11 | AD107: 1.07231e-11 | AE107: 3.46348e-11 | AF107: 1.28519e-11 | AG107: 9.59507e-12 | AH107: 2.37816e-11 | AI107: 1.67814e-11 | AJ107: 2.43729e-11 | AK107: 4.0371e-11 | AL107: 3.60182e-12 | AM107: 1.35542e-11 | AN107: 2.66544e-11
A108: 07160109_2258 | B108: UMN | C108: 56 | D108: null | E108: 10 | F108: 31 | G108: 88-Y | H108: side 1: -3.999, side 2: 4.4872 | I108: good | J108: ok | K108: =IF(AND(N108<0.7,N108>0.2),"lev OK","lev BAD") -> lev BAD | L108: =DATE(2000+MID(A108,3,2),MID(A108,5,2),MID(A108,7,2))+TIME(MID(A108,10,2),MID(A108,12,2),0) -> 42378.957 | N108: =O108-(L108-P108)*24*Q108 -> 0.87029761 | O108: =O107 -> 0.934 | P108: =P107 -> 42378.747 | Q108: =Q107 -> 0.012614334 | AC108: 5.62152e-10 | AD108: 7.81656e-10 | AE108: 4.9989e-10 | AF108: 4.77839e-10 | AG108: 6.42731e-10 | AH108: 6.85386e-10 | AI108: 2.20559e-10 | AJ108: 6.09324e-10 | AK108: 1.93588e-10 | AL108: 5.82144e-10 | AM108: 6.91901e-10 | AN108: 4.36039e-10
A109: 07160110_0028 | B109: UMN | C109: 56 | D109: null | E109: 1000 | F109: 31 | G109: 88-Y | H109: side 1: -3.999, side 2: 0 | I109: good | J109: no PB/FS2 | K109: =IF(AND(N109<0.7,N109>0.2),"lev OK","lev BAD") -> lev BAD | L109: =DATE(2000+MID(A109,3,2),MID(A109,5,2),MID(A109,7,2))+TIME(MID(A109,10,2),MID(A109,12,2),0) -> 42379.019 | N109: =O109-(L109-P109)*24*Q109 -> 0.85137611 | O109: =O108 -> 0.934 | P109: =P108 -> 42378.747 | Q109: =Q108 -> 0.012614334 | AC109: 7.2137e-11 | AD109: 5.88921e-11 | AE109: 7.22545e-11 | AF109: 5.41578e-11 | AG109: 1.06368e-10 | AH109: 8.32041e-11 | AI109: 3.40019e-11 | AJ109: 9.12195e-11 | AK109: 4.02054e-11 | AL109: 7.40642e-11 | AM109: 6.90613e-11 | AN109: 6.06902e-11
A110: 07160110_0125 | B110: UMN | C110: 56 | D110: null | E110: 1000 | F110: 31 | G110: 88-Y | H110: side 1: -3.999, side 2: 0 | I110: good | J110: no PB/FS2 | K110: =IF(AND(N110<0.7,N110>0.2),"lev OK","lev BAD") -> lev BAD | L110: =DATE(2000+MID(A110,3,2),MID(A110,5,2),MID(A110,7,2))+TIME(MID(A110,10,2),MID(A110,12,2),0) -> 42379.059 | N110: =O110-(L110-P110)*24*Q110 -> 0.83939249 | O110: =O109 -> 0.934 | P110: =P109 -> 42378.747 | Q110: =Q109 -> 0.012614334 | AC110: 5.62281e-11 | AD110: 3.91744e-11 | AE110: 5.39419e-11 | AF110: 3.79826e-11 | AG110: 7.71417e-11 | AH110: 5.48688e-11 | AI110: 2.95624e-11 | AJ110: 0 | AK110: 3.36918e-11 | AL110: 5.51473e-11 | AM110: 5.067e-11 | AN110: 0
A111: 07160110_0222 | B111: UMN | C111: 56 | D111: null | E111: 1000 | F111: 31 | G111: 88-Y | H111: side 1: -3.999, side 2: 0 | I111: good | J111: no PB/FS2 | K111: =IF(AND(N111<0.7,N111>0.2),"lev OK","lev BAD") -> lev BAD | L111: =DATE(2000+MID(A111,3,2),MID(A111,5,2),MID(A111,7,2))+TIME(MID(A111,10,2),MID(A111,12,2),0) -> 42379.099 | N111: =O111-(L111-P111)*24*Q111 -> 0.82740887 | O111: =O110 -> 0.934 | P111: =P110 -> 42378.747 | Q111: =Q110 -> 0.012614334 | AC111: 7.91863e-11 | AD111: 6.09325e-11 | AE111: 7.50622e-11 | AF111: 7.47961e-11 | AG111: 8.84299e-11 | AH111: 8.10975e-11 | AI111: 3.91606e-11 | AJ111: 0 | AK111: 4.32924e-11 | AL111: 7.83976e-11 | AM111: 7.50961e-11 | AN111: 0
...

Sheet Run58
A1: SERIES | B1: FACILITY | C1: RUN NUMBER | D1: EVENTS PER FILE | E1: RANDOMS | F1: DURATION | G1: DATA TYPE | H1: BIAS | I1: DIAGNOSIS | J1: my diag | K1: date/time | L1: notes | N1: size | O1: Bias | S1: 25569 | V1: pbs1
A2: 07160613_0209 | B2: UMN | C2: 58 | D2: null | E2: 1000 | F2: 31 | G2: ba | H2: side 1: -2, side 2: 0 | I2: good | J2: proc | K2: =DATE(2000+MID(A2,3,2),MID(A2,5,2),MID(A2,7,2))+TIME(MID(A2,10,2),MID(A2,12,2),0) -> 42534.09 | L2: elevated temp | M2: ="du -h "&A2&" >> temp.txt" -> du -h 07160613_0209 >> temp.txt | N2: 9.5M
A3: 07160613_0306 | B3: UMN | C3: 58 | D3: null | E3: 1000 | F3: 31 | G3: ba | H3: side 1: -3, side 2: 0 | I3: good | J3: proc | K3: =DATE(2000+MID(A3,3,2),MID(A3,5,2),MID(A3,7,2))+TIME(MID(A3,10,2),MID(A3,12,2),0) -> 42534.129 | L3: elevated temp | M3: ="du -h "&A3&" >> temp.txt" -> du -h 07160613_0306 >> temp.txt | N3: 13M
A4: 07160613_0402 | B4: UMN | C4: 58 | D4: null | E4: 1000 | F4: 31 | G4: ba | H4: side 1: -4, side 2: 0 | I4: good | J4: proc | K4: =DATE(2000+MID(A4,3,2),MID(A4,5,2),MID(A4,7,2))+TIME(MID(A4,10,2),MID(A4,12,2),0) -> 42534.168 | L4: elevated temp | M4: ="du -h "&A4&" >> temp.txt" -> du -h 07160613_0402 >> temp.txt | N4: 17M
A5: 07160613_0459 | B5: UMN | C5: 58 | D5: null | E5: 1000 | F5: 31 | G5: ba | H5: side 1: -5, side 2: 0 | I5: good | J5: proc | K5: =DATE(2000+MID(A5,3,2),MID(A5,5,2),MID(A5,7,2))+TIME(MID(A5,10,2),MID(A5,12,2),0) -> 42534.208 | L5: elevated temp | M5: ="du -h "&A5&" >> temp.txt" -> du -h 07160613_0459 >> temp.txt | N5: 21M
A6: 07160613_0555 | B6: UMN | C6: 58 | D6: null | E6: 1000 | F6: 31 | G6: ba | H6: side 1: -6, side 2: 0 | I6: good | J6: proc | K6: =DATE(2000+MID(A6,3,2),MID(A6,5,2),MID(A6,7,2))+TIME(MID(A6,10,2),MID(A6,12,2),0) -> 42534.247 | L6: elevated temp | M6: ="du -h "&A6&" >> temp.txt" -> du -h 07160613_0555 >> temp.txt | N6: 25M
A7: 07160613_0652 | B7: UMN | C7: 58 | D7: null | E7: 1000 | F7: 31 | G7: ba | H7: side 1: -7, side 2: 0 | I7: good | J7: proc | K7: =DATE(2000+MID(A7,3,2),MID(A7,5,2),MID(A7,7,2))+TIME(MID(A7,10,2),MID(A7,12,2),0) -> 42534.286 | L7: elevated temp | M7: ="du -h "&A7&" >> temp.txt" -> du -h 07160613_0652 >> temp.txt | N7: 29M
A8: 07160613_0748 | B8: UMN | C8: 58 | D8: null | E8: 1000 | F8: 31 | G8: ba | H8: side 1: -8, side 2: 0 | I8: good | J8: proc | K8: =DATE(2000+MID(A8,3,2),MID(A8,5,2),MID(A8,7,2))+TIME(MID(A8,10,2),MID(A8,12,2),0) -> 42534.325 | L8: elevated temp | M8: ="du -h "&A8&" > temp.txt" -> du -h 07160613_0748 > temp.txt | N8: 31M
A9: 07160612_1056 | B9: UMN | C9: 58 | D9: null | E9: 1000 | F9: 31 | G9: ba | H9: side 1: -13, side 2: 0 | I9: good | J9: proc | K9: =DATE(2000+MID(A9,3,2),MID(A9,5,2),MID(A9,7,2))+TIME(MID(A9,10,2),MID(A9,12,2),0) -> 42533.456 | M9: ="du -h "&A9&" >> temp.txt" -> du -h 07160612_1056 >> temp.txt | N9: 36M | O9: =VALUE(MID(H9,FIND(":",H9)+1,FIND(",",H9)-FIND(":",H9)-1)) -> -13 | P9: ="./rawDataLoop "&A9&" 0001 midas // "&G9&" "&O9 -> ./rawDataLoop 07160612_1056 0001 midas // ba -13 | Q9: =""""&A9&"""" -> "07160612_1056" | R9: =O9 -> -13 | S9: =(K9-S$1)*24*3600 -> 1465728960 | T9: =S9 -> 1465728960
A10: 07160611_1413 | B10: UMN | C10: 58 | D10: null | E10: 1000 | F10: 31 | G10: ba | H10: side 1: -13, side 2: 0 | I10: good | J10: proc | K10: =DATE(2000+MID(A10,3,2),MID(A10,5,2),MID(A10,7,2))+TIME(MID(A10,10,2),MID(A10,12,2),0) -> 42532.592 | M10: ="du -h "&A10&" >> temp.txt" -> du -h 07160611_1413 >> temp.txt | N10: 35M | O10: =VALUE(MID(H10,FIND(":",H10)+1,FIND(",",H10)-FIND(":",H10)-1)) -> -13 | P10: ="./rawDataLoop "&A10&" 0001 midas // "&G10&" "&O10 -> ./rawDataLoop 07160611_1413 0001 midas // ba -13 | Q10: =Q9&", """&A10&"""" -> "07160612_1056", "07160611_1413" | R10: =R9&","&O10 -> -13,-13 | S10: =(K10-S$1)*24*3600 -> 1.4656544e+09 | T10: =T9&","&S10 -> 1465728960,1465654380
A11: 07160612_1000 | B11: UMN | C11: 58 | D11: null | E11: 1000 | F11: 31 | G11: ba | H11: side 1: -12, side 2: 0 | I11: good | J11: proc | K11: =DATE(2000+MID(A11,3,2),MID(A11,5,2),MID(A11,7,2))+TIME(MID(A11,10,2),MID(A11,12,2),0) -> 42533.417 | M11: ="du -h "&A11&" >> temp.txt" -> du -h 07160612_1000 >> temp.txt | N11: 35M | O11: =VALUE(MID(H11,FIND(":",H11)+1,FIND(",",H11)-FIND(":",H11)-1)) -> -12 | P11: ="./rawDataLoop "&A11&" 0001 midas // "&G11&" "&O11 -> ./rawDataLoop 07160612_1000 0001 midas // ba -12 | Q11: =Q10&", """&A11&"""" -> "07160612_1056", "07160611_1413", "07160612_1000" | R11: =R10&","&O11 -> -13,-13,-12 | S11: =(K11-S$1)*24*3600 -> 1.4657256e+09 | T11: =T10&","&S11 -> 1465728960,1465654380,1465725600
A12: 07160611_1317 | B12: UMN | C12: 58 | D12: null | E12: 1000 | F12: 31 | G12: ba | H12: side 1: -12, side 2: 0 | I12: good | J12: proc | K12: =DATE(2000+MID(A12,3,2),MID(A12,5,2),MID(A12,7,2))+TIME(MID(A12,10,2),MID(A12,12,2),0) -> 42532.553 | M12: ="du -h "&A12&" >> temp.txt" -> du -h 07160611_1317 >> temp.txt | N12: 34M | O12: =VALUE(MID(H12,FIND(":",H12)+1,FIND(",",H12)-FIND(":",H12)-1)) -> -12 | P12: ="./rawDataLoop "&A12&" 0001 midas // "&G12&" "&O12 -> ./rawDataLoop 07160611_1317 0001 midas // ba -12 | Q12: =Q11&", """&A12&"""" -> "07160612_1056", "07160611_1413", "07160612_1000", "07160611_1317" | R12: =R11&","&O12 -> -13,-13,-12,-12 | S12: =(K12-S$1)*24*3600 -> 1465651020 | T12: =T11&","&S12 -> 1465728960,1465654380,1465725600,1465651020
A13: 07160612_0903 | B13: UMN | C13: 58 | D13: null | E13: 1000 | F13: 31 | G13: ba | H13: side 1: -11, side 2: 0 | I13: good | J13: proc | K13: =DATE(2000+MID(A13,3,2),MID(A13,5,2),MID(A13,7,2))+TIME(MID(A13,10,2),MID(A13,12,2),0) -> 42533.377 | M13: ="du -h "&A13&" >> temp.txt" -> du -h 07160612_0903 >> temp.txt | N13: 34M | O13: =VALUE(MID(H13,FIND(":",H13)+1,FIND(",",H13)-FIND(":",H13)-1)) -> -11 | P13: ="./rawDataLoop "&A13&" 0001 midas // "&G13&" "&O13 -> ./rawDataLoop 07160612_0903 0001 midas // ba -11 | Q13: =Q12&", """&A13&"""" -> "07160612_1056", "07160611_1413", "07160612_1000", "07160611_1317", "07160612_0903" | R13: =R12&","&O13 -> -13,-13,-12,-12,-11 | S13: =(K13-S$1)*24*3600 -> 1465722180 | T13: =T12&","&S13 -> 1465728960,1465654380,1465725600,1465651020,1465722180
A14: 07160611_1220 | B14: UMN | C14: 58 | D14: null | E14: 1000 | F14: 31 | G14: ba | H14: side 1: -11, side 2: 0 | I14: good | J14: proc | K14: =DATE(2000+MID(A14,3,2),MID(A14,5,2),MID(A14,7,2))+TIME(MID(A14,10,2),MID(A14,12,2),0) -> 42532.514 | M14: ="du -h "&A14&" >> temp.txt" -> du -h 07160611_1220 >> temp.txt | N14: 34M | O14: =VALUE(MID(H14,FIND(":",H14)+1,FIND(",",H14)-FIND(":",H14)-1)) -> -11 | P14: ="./rawDataLoop "&A14&" 0001 midas // "&G14&" "&O14 -> ./rawDataLoop 07160611_1220 0001 midas // ba -11 | Q14: =Q13&", """&A14&"""" -> "07160612_1056", "07160611_1413", "07160612_1000", "07160611_1317", "07160612_0903", "07160611_1220" | R14: =R13&","&O14 -> -13,-13,-12,-12,-11,-11 | S14: =(K14-S$1)*24*3600 -> 1.4656476e+09 | T14: =T13&","&S14 -> 1465728960,1465654380,1465725600,1465651020,1465722180,1465647600
A15: 07160612_0807 | B15: UMN | C15: 58 | D15: null | E15: 1000 | F15: 31 | G15: ba | H15: side 1: -10, side 2: 0 | I15: good | J15: proc | K15: =DATE(2000+MID(A15,3,2),MID(A15,5,2),MID(A15,7,2))+TIME(MID(A15,10,2),MID(A15,12,2),0) -> 42533.338 | M15: ="du -h "&A15&" >> temp.txt" -> du -h 07160612_0807 >> temp.txt | N15: 33M | O15: =VALUE(MID(H15,FIND(":",H15)+1,FIND(",",H15)-FIND(":",H15)-1)) -> -10 | P15: ="./rawDataLoop "&A15&" 0001 midas // "&G15&" "&O15 -> ./rawDataLoop 07160612_0807 0001 midas // ba -10 | Q15: =Q14&", """&A15&"""" -> "07160612_1056", "07160611_1413", "07160612_1000", "07160611_1317", "07160612_0903", "07160611_1220", "07160612_0807" | R15: =R14&","&O15 -> -13,-13,-12,-12,-11,-11,-10 | S15: =(K15-S$1)*24*3600 -> 1.4657188e+09 | T15: =T14&","&S15 -> 1465728960,1465654380,1465725600,1465651020,1465722180,1465647600,1465718820
A16: 07160611_1124 | B16: UMN | C16: 58 | D16: null | E16: 1000 | F16: 31 | G16: ba | H16: side 1: -10, side 2: 0 | I16: good | J16: proc | K16: =DATE(2000+MID(A16,3,2),MID(A16,5,2),MID(A16,7,2))+TIME(MID(A16,10,2),MID(A16,12,2),0) -> 42532.475 | M16: ="du -h "&A16&" >> temp.txt" -> du -h 07160611_1124 >> temp.txt | N16: 33M | O16: =VALUE(MID(H16,FIND(":",H16)+1,FIND(",",H16)-FIND(":",H16)-1)) -> -10 | P16: ="./rawDataLoop "&A16&" 0001 midas // "&G16&" "&O16 -> ./rawDataLoop 07160611_1124 0001 midas // ba -10 | Q16: =Q15&", """&A16&"""" -> "07160612_1056", "07160611_1413", "07160612_1000", "07160611_1317", "07160612_0903", "07160611_1220", "07160612_0807", "07160611_1124" | R16: =R15&","&O16 -> -13,-13,-12,-12,-11,-11,-10,-10 | S16: =(K16-S$1)*24*3600 -> 1.4656442e+09 | T16: =T15&","&S16 -> 1465728960,1465654380,1465725600,1465651020,1465722180,1465647600,1465718820,1465644240
A17: 07160612_0710 | B17: UMN | C17: 58 | D17: null | E17: 1000 | F17: 31 | G17: ba | H17: side 1: -9, side 2: 0 | I17: good | J17: proc | K17: =DATE(2000+MID(A17,3,2),MID(A17,5,2),MID(A17,7,2))+TIME(MID(A17,10,2),MID(A17,12,2),0) -> 42533.299 | M17: ="du -h "&A17&" >> temp.txt" -> du -h 07160612_0710 >> temp.txt | N17: 32M | O17: =VALUE(MID(H17,FIND(":",H17)+1,FIND(",",H17)-FIND(":",H17)-1)) -> -9 | P17: ="./rawDataLoop "&A17&" 0001 midas // "&G17&" "&O17 -> ./rawDataLoop 07160612_0710 0001 midas // ba -9 | Q17: =Q16&", """&A17&"""" -> "07160612_1056", "07160611_1413", "07160612_1000", "07160611_1317", "07160612_0903", "07160611_1220", "07160612_0807", "07160611_1124", "07160612_0710" | R17: =R16&","&O17 -> -13,-13,-12,-12,-11,-11,-10,-10,-9 | S17: =(K17-S$1)*24*3600 -> 1.4657154e+09 | T17: =T16&","&S17 -> 1465728960,1465654380,1465725600,1465651020,1465722180,1465647600,1465718820,1465644240,1465715400
A18: 07160611_1027 | B18: UMN | C18: 58 | D18: null | E18: 1000 | F18: 31 | G18: ba | H18: side 1: -9, side 2: 0 | I18: good | J18: proc | K18: =DATE(2000+MID(A18,3,2),MID(A18,5,2),MID(A18,7,2))+TIME(MID(A18,10,2),MID(A18,12,2),0) -> 42532.435 | M18: ="du -h "&A18&" >> temp.txt" -> du -h 07160611_1027 >> temp.txt | N18: 32M | O18: =VALUE(MID(H18,FIND(":",H18)+1,FIND(",",H18)-FIND(":",H18)-1)) -> -9 | P18: ="./rawDataLoop "&A18&" 0001 midas // "&G18&" "&O18 -> ./rawDataLoop 07160611_1027 0001 midas // ba -9 | Q18: =Q17&", """&A18&"""" -> "07160612_1056", "07160611_1413", "07160612_1000", "07160611_1317", "07160612_0903", "07160611_1220", "07160612_0807", "07160611_1124", "07160612_0710", "07160611_1027" | R18: =R17&","&O18 -> -13,-13,-12,-12,-11,-11,-10,-10,-9,-9 | S18: =(K18-S$1)*24*3600 -> 1465640820 | T18: =T17&","&S18 -> 1465728960,1465654380,1465725600,1465651020,1465722180,1465647600,1465718820,1465644240,1465715400,1465640820
A19: 07160612_0614 | B19: UMN | C19: 58 | D19: null | E19: 1000 | F19: 31 | G19: ba | H19: side 1: -8, side 2: 0 | I19: good | J19: proc | K19: =DATE(2000+MID(A19,3,2),MID(A19,5,2),MID(A19,7,2))+TIME(MID(A19,10,2),MID(A19,12,2),0) -> 42533.26 | M19: ="du -h "&A19&" >> temp.txt" -> du -h 07160612_0614 >> temp.txt | N19: 31M | O19: =VALUE(MID(H19,FIND(":",H19)+1,FIND(",",H19)-FIND(":",H19)-1)) -> -8 | P19: ="./rawDataLoop "&A19&" 0001 midas // "&G19&" "&O19 -> ./rawDataLoop 07160612_0614 0001 midas // ba -8 | Q19: =Q18&", """&A19&"""" -> "07160612_1056", "07160611_1413", "07160612_1000", "07160611_1317", "07160612_0903", "07160611_1220", "07160612_0807", "07160611_1124", "07160612_0710", "07160611_1027", "07160612_0614" | R19: =R18&","&O19 -> -13,-13,-12,-12,-11,-11,-10,-10,-9,-9,-8 | S19: =(K19-S$1)*24*3600 -> 1.465712e+09 | T19: =T18&","&S19 -> 1465728960,1465654380,1465725600,1465651020,1465722180,1465647600,1465718820,1465644240,1465715400,1465640820,1465712040
A20: 07160611_0931 | B20: UMN | C20: 58 | D20: null | E20: 1000 | F20: 31 | G20: ba | H20: side 1: -8, side 2: 0 | I20: good | J20: proc | K20: =DATE(2000+MID(A20,3,2),MID(A20,5,2),MID(A20,7,2))+TIME(MID(A20,10,2),MID(A20,12,2),0) -> 42532.397 | M20: ="du -h "&A20&" >> temp.txt" -> du -h 07160611_0931 >> temp.txt | N20: 30M | O20: =VALUE(MID(H20,FIND(":",H20)+1,FIND(",",H20)-FIND(":",H20)-1)) -> -8 | P20: ="./rawDataLoop "&A20&" 0001 midas // "&G20&" "&O20 -> ./rawDataLoop 07160611_0931 0001 midas // ba -8 | Q20: =Q19&", """&A20&"""" -> "07160612_1056", "07160611_1413", "07160612_1000", "07160611_1317", "07160612_0903", "07160611_1220", "07160612_0807", "07160611_1124", "07160612_0710", "07160611_1027", "07160612_0614", "07160611_0931" | R20: =R19&","&O20 -> -13,-13,-12,-12,-11,-11,-10,-10,-9,-9,-8,-8 | S20: =(K20-S$1)*24*3600 -> 1.4656375e+09 | T20: =T19&","&S20 -> 1465728960,1465654380,1465725600,1465651020,1465722180,1465647600,1465718820,1465644240,1465715400,1465640820,1465712040,1465637460
A21: 07160612_0517 | B21: UMN | C21: 58 | D21: null | E21: 1000 | F21: 31 | G21: ba | H21: side 1: -7, side 2: 0 | I21: good | J21: proc | K21: =DATE(2000+MID(A21,3,2),MID(A21,5,2),MID(A21,7,2))+TIME(MID(A21,10,2),MID(A21,12,2),0) -> 42533.22 | M21: ="du -h "&A21&" >> temp.txt" -> du -h 07160612_0517 >> temp.txt | N21: 28M | O21: =VALUE(MID(H21,FIND(":",H21)+1,FIND(",",H21)-FIND(":",H21)-1)) -> -7 | P21: ="./rawDataLoop "&A21&" 0001 midas // "&G21&" "&O21 -> ./rawDataLoop 07160612_0517 0001 midas // ba -7 | Q21: =Q20&", """&A21&"""" -> "07160612_1056", "07160611_1413", "07160612_1000", "07160611_1317", "07160612_0903", "07160611_1220", "07160612_0807", "07160611_1124", "07160612_0710", "07160611_1027", "07160612_0614", "07160611_0931", "07160612_0517" | R21: =R20&","&O21 -> -13,-13,-12,-12,-11,-11,-10,-10,-9,-9,-8,-8,-7 | S21: =(K21-S$1)*24*3600 -> 1.4657086e+09 | T21: =T20&","&S21 -> 1465728960,1465654380,1465725600,1465651020,1465722180,1465647600,1465718820,1465644240,1465715400,1465640820,1465712040,1465637460,1465708620
... A61: 07160611_0544 | B61: UMN | C61: 58 | D61: null | E61: 1000 | F61: 31 | G61: ba | H61: side 1: 13, side 2: 0 | I61: good | J61: proc | K61: =DATE(2000+MID(A61,3,2),MID(A61,5,2),MID(A61,7,2))+TIME(MID(A61,10,2),MID(A61,12,2),0) -> 42532.239 | M61: ="du -h "&A61&" >> temp.txt" -> du -h 07160611_0544 >> temp.txt | N61: 27M | O61: =VALUE(MID(H61,FIND(":",H61)+1,FIND(",",H61)-FIND(":",H61)-1)) -> 13 | P61: ="./rawDataLoop "&A61&" 0001 midas // "&G61&" "&O61 -> ./rawDataLoop 07160611_0544 0001 midas // ba 13 | Q61: =Q60&", """&A61&"""" -> "07160612_1056", "07160611_1413", "07160612_1000", "07160611_1317", "07160612_0903", "07160611_1220", "07160612_0807", "07160611_1124", "07160612_0710", "07160611_1027", "07160612_0614", "07160611_0931", "07160612_0517", "07160611_0834", "07160612_0421", "07160611_0738", "07160612_0324", "07160611_0641", "07160612_0228", "07160612_0131", "07160612_0035", "07160613_0113", "07160611_2338", "07160612_1741", "07160610_1826", "07160612_1837", "07160610_1923", "07160612_1934", "07160610_2019", "07160612_2030", "07160610_2116", "07160612_2127", "07160611_1510", "07160610_2212", "07160612_2223", "07160611_1606", "07160610_2309", "07160612_2320", "07160611_1703", "07160611_0005", "07160613_0016", "07160611_1759", "07160611_0102", "07160611_1856", "07160611_0158", "07160611_1952", "07160611_0255", "07160611_2049", "07160611_0351", "07160611_2145", "07160611_0448", "07160611_2242", "07160611_0544" | R61: =R60&","&O61 -> -13,-13,-12,-12,-11,-11,-10,-10,-9,-9,-8,-8,-7,-7,-6,-6,-5,-5,-4,-3,-2,-1,-1,1,1,2,2,3,3,4,4,5,5,5,6,6,6,7,7,7,8,8,8,9,9,10,10,11,11,12,12,13,13 | S61: =(K61-S$1)*24*3600 -> 1465623840 | T61: =T60&","&S61 -> 1465728960,1465654380,1465725600,1465651020,1465722180,1465647600,1465718820,1465644240,1465715400,1465640820,1465712040,1465637460,1465708620,1465634040,1465705260,1465630680,1465701840,1465627260,1465698480,1465695060,1465691700,1465780380,1465688280,1465753260,1465583160,1465756620,1465586580,1465760040,1465589940,1465763400,1465593360,1465766820,1465657800,1465596720,1465770180,1465661160,1465600140,1465773600,1465664580,1465603500,1465776960,1465667940,1465606920,1465671360,1465610280,1465674720,1465613700,1465678140,1465617060,1465681500,1465620480,1465684920,1465623840
A62: 07160609_1627 | B62: UMN | C62: 58 | D62: null | E62: 1000 | F62: 31 | G62: bg | H62: side 1: -13, side 2: 0 | I62: good | J62: fail | K62: =DATE(2000+MID(A62,3,2),MID(A62,5,2),MID(A62,7,2))+TIME(MID(A62,10,2),MID(A62,12,2),0) -> 42530.685 | M62: ="du -h "&A62&" >> temp.txt" -> du -h 07160609_1627 >> temp.txt | N62: 1.4M | O62: =VALUE(MID(H62,FIND(":",H62)+1,FIND(",",H62)-FIND(":",H62)-1)) -> -13 | P62: ="./rawDataLoop "&A62&" 0001 midas // "&G62&" "&O62 -> ./rawDataLoop 07160609_1627 0001 midas // bg -13 | Q62: =""""&A62&"""" -> "07160609_1627" | R62: =O62 -> -13 | S62: =(K62-S$1)*24*3600 -> 1465489620
A63: 07160609_1531 | B63: UMN | C63: 58 | D63: null | E63: 1000 | F63: 31 | G63: bg | H63: side 1: -12, side 2: 0 | I63: good | J63: fail | K63: =DATE(2000+MID(A63,3,2),MID(A63,5,2),MID(A63,7,2))+TIME(MID(A63,10,2),MID(A63,12,2),0) -> 42530.647 | M63: ="du -h "&A63&" >> temp.txt" -> du -h 07160609_1531 >> temp.txt | N63: 1.4M | O63: =VALUE(MID(H63,FIND(":",H63)+1,FIND(",",H63)-FIND(":",H63)-1)) -> -12 | P63: ="./rawDataLoop "&A63&" 0001 midas // "&G63&" "&O63 -> ./rawDataLoop 07160609_1531 0001 midas // bg -12 | Q63: =Q62&", """&A63&"""" -> "07160609_1627", "07160609_1531" | R63: =R62&", "&O63 -> -13, -12 | S63: =(K63-S$1)*24*3600 -> 1.4654863e+09
A64: 07160609_1434 | B64: UMN | C64: 58 | D64: null | E64: 1000 | F64: 31 | G64: bg | H64: side 1: -11, side 2: 0 | I64: good | J64: fail | K64: =DATE(2000+MID(A64,3,2),MID(A64,5,2),MID(A64,7,2))+TIME(MID(A64,10,2),MID(A64,12,2),0) -> 42530.607 | M64: ="du -h "&A64&" >> temp.txt" -> du -h 07160609_1434 >> temp.txt | N64: 1.4M | O64: =VALUE(MID(H64,FIND(":",H64)+1,FIND(",",H64)-FIND(":",H64)-1)) -> -11 | P64: ="./rawDataLoop "&A64&" 0001 midas // "&G64&" "&O64 -> ./rawDataLoop 07160609_1434 0001 midas // bg -11 | Q64: =Q63&", """&A64&"""" -> "07160609_1627", "07160609_1531", "07160609_1434" | R64: =R63&", "&O64 -> -13, -12, -11 | S64: =(K64-S$1)*24*3600 -> 1465482840
A65: 07160609_1337 | B65: UMN | C65: 58 | D65: null | E65: 1000 | F65: 31 | G65: bg | H65: side 1: -10, side 2: 0 | I65: good | J65: fail | K65: =DATE(2000+MID(A65,3,2),MID(A65,5,2),MID(A65,7,2))+TIME(MID(A65,10,2),MID(A65,12,2),0) -> 42530.567 | M65: ="du -h "&A65&" >> temp.txt" -> du -h 07160609_1337 >> temp.txt | N65: 1.4M | O65: =VALUE(MID(H65,FIND(":",H65)+1,FIND(",",H65)-FIND(":",H65)-1)) -> -10 | P65: ="./rawDataLoop "&A65&" 0001 midas // "&G65&" "&O65 -> ./rawDataLoop 07160609_1337 0001 midas // bg -10 | Q65: =Q64&", """&A65&"""" -> "07160609_1627", "07160609_1531", "07160609_1434", "07160609_1337" | R65: =R64&", "&O65 -> -13, -12, -11, -10 | S65: =(K65-S$1)*24*3600 -> 1465479420
A66: 07160609_1232 | B66: UMN | C66: 58 | D66: null | E66: 1000 | F66: 31 | G66: bg | H66: side 1: -9, side 2: 0 | I66: good | J66: fail | K66: =DATE(2000+MID(A66,3,2),MID(A66,5,2),MID(A66,7,2))+TIME(MID(A66,10,2),MID(A66,12,2),0) -> 42530.522 | M66: ="du -h "&A66&" >> temp.txt" -> du -h 07160609_1232 >> temp.txt | N66: 1.3M | O66: =VALUE(MID(H66,FIND(":",H66)+1,FIND(",",H66)-FIND(":",H66)-1)) -> -9 | P66: ="./rawDataLoop "&A66&" 0001 midas // "&G66&" "&O66 -> ./rawDataLoop 07160609_1232 0001 midas // bg -9 | Q66: =Q65&", """&A66&"""" -> "07160609_1627", "07160609_1531", "07160609_1434", "07160609_1337", "07160609_1232" | R66: =R65&", "&O66 -> -13, -12, -11, -10, -9 | S66: =(K66-S$1)*24*3600 -> 1465475520
A67: 07160609_1136 | B67: UMN | C67: 58 | D67: null | E67: 1000 | F67: 31 | G67: bg | H67: side 1: -8, side 2: 0 | I67: good | J67: fail | K67: =DATE(2000+MID(A67,3,2),MID(A67,5,2),MID(A67,7,2))+TIME(MID(A67,10,2),MID(A67,12,2),0) -> 42530.483 | M67: ="du -h "&A67&" >> temp.txt" -> du -h 07160609_1136 >> temp.txt | N67: 1.4M | O67: =VALUE(MID(H67,FIND(":",H67)+1,FIND(",",H67)-FIND(":",H67)-1)) -> -8 | P67: ="./rawDataLoop "&A67&" 0001 midas // "&G67&" "&O67 -> ./rawDataLoop 07160609_1136 0001 midas // bg -8 | Q67: =Q66&", """&A67&"""" -> "07160609_1627", "07160609_1531", "07160609_1434", "07160609_1337", "07160609_1232", "07160609_1136" | R67: =R66&", "&O67 -> -13, -12, -11, -10, -9, -8 | S67: =(K67-S$1)*24*3600 -> 1.4654722e+09
A68: 07160609_1039 | B68: UMN | C68: 58 | D68: null | E68: 1000 | F68: 31 | G68: bg | H68: side 1: -7, side 2: 0 | I68: good | J68: fail | K68: =DATE(2000+MID(A68,3,2),MID(A68,5,2),MID(A68,7,2))+TIME(MID(A68,10,2),MID(A68,12,2),0) -> 42530.444 | M68: ="du -h "&A68&" >> temp.txt" -> du -h 07160609_1039 >> temp.txt | N68: 1.4M | O68: =VALUE(MID(H68,FIND(":",H68)+1,FIND(",",H68)-FIND(":",H68)-1)) -> -7 | P68: ="./rawDataLoop "&A68&" 0001 midas // "&G68&" "&O68 -> ./rawDataLoop 07160609_1039 0001 midas // bg -7 | Q68: =Q67&", """&A68&"""" -> "07160609_1627", "07160609_1531", "07160609_1434", "07160609_1337", "07160609_1232", "07160609_1136", "07160609_1039" | R68: =R67&", "&O68 -> -13, -12, -11, -10, -9, -8, -7 | S68: =(K68-S$1)*24*3600 -> 1.4654687e+09
A69: 07160609_0943 | B69: UMN | C69: 58 | D69: null | E69: 1000 | F69: 31 | G69: bg | H69: side 1: -6, side 2: 0 | I69: good | J69: fail | K69: =DATE(2000+MID(A69,3,2),MID(A69,5,2),MID(A69,7,2))+TIME(MID(A69,10,2),MID(A69,12,2),0) -> 42530.405 | M69: ="du -h "&A69&" >> temp.txt" -> du -h 07160609_0943 >> temp.txt | N69: 1.4M | O69: =VALUE(MID(H69,FIND(":",H69)+1,FIND(",",H69)-FIND(":",H69)-1)) -> -6 | P69: ="./rawDataLoop "&A69&" 0001 midas // "&G69&" "&O69 -> ./rawDataLoop 07160609_0943 0001 midas // bg -6 | Q69: =Q68&", """&A69&"""" -> "07160609_1627", "07160609_1531", "07160609_1434", "07160609_1337", "07160609_1232", "07160609_1136", "07160609_1039", "07160609_0943" | R69: =R68&", "&O69 -> -13, -12, -11, -10, -9, -8, -7, -6 | S69: =(K69-S$1)*24*3600 -> 1.4654654e+09
A70: 07160609_0846 | B70: UMN | C70: 58 | D70: null | E70: 1000 | F70: 31 | G70: bg | H70: side 1: -5, side 2: 0 | I70: good | J70: fail | K70: =DATE(2000+MID(A70,3,2),MID(A70,5,2),MID(A70,7,2))+TIME(MID(A70,10,2),MID(A70,12,2),0) -> 42530.365 | M70: ="du -h "&A70&" >> temp.txt" -> du -h 07160609_0846 >> temp.txt | N70: 1.4M | O70: =VALUE(MID(H70,FIND(":",H70)+1,FIND(",",H70)-FIND(":",H70)-1)) -> -5 | P70: ="./rawDataLoop "&A70&" 0001 midas // "&G70&" "&O70 -> ./rawDataLoop 07160609_0846 0001 midas // bg -5 | Q70: =Q69&", """&A70&"""" -> "07160609_1627", "07160609_1531", "07160609_1434", "07160609_1337", "07160609_1232", "07160609_1136", "07160609_1039", "07160609_0943", "07160609_0846" | R70: =R69&", "&O70 -> -13, -12, -11, -10, -9, -8, -7, -6, -5 | S70: =(K70-S$1)*24*3600 -> 1.465462e+09
A71: 07160610_0611 | B71: UMN | C71: 58 | D71: null | E71: 1000 | F71: 121 | G71: bg | H71: side 1: -4, side 2: 0 | I71: good | J71: fail | K71: =DATE(2000+MID(A71,3,2),MID(A71,5,2),MID(A71,7,2))+TIME(MID(A71,10,2),MID(A71,12,2),0) -> 42531.258 | M71: ="du -h "&A71&" >> temp.txt" -> du -h 07160610_0611 >> temp.txt | N71: 5.2M | O71: =VALUE(MID(H71,FIND(":",H71)+1,FIND(",",H71)-FIND(":",H71)-1)) -> -4 | P71: ="./rawDataLoop "&A71&" 0001 midas // "&G71&" "&O71 -> ./rawDataLoop 07160610_0611 0001 midas // bg -4 | Q71: =Q70&", """&A71&"""" -> "07160609_1627", "07160609_1531", "07160609_1434", "07160609_1337", "07160609_1232", "07160609_1136", "07160609_1039", "07160609_0943", "07160609_0846", "07160610_0611" | R71: =R70&", "&O71 -> -13, -12, -11, -10, -9, -8, -7, -6, -5, -4 | S71: =(K71-S$1)*24*3600 -> 1.4655391e+09
A72: 07160610_0340 | B72: UMN | C72: 58 | D72: null | E72: 1000 | F72: 121 | G72: bg | H72: side 1: -4, side 2: 0 | I72: good | J72: fail | K72: =DATE(2000+MID(A72,3,2),MID(A72,5,2),MID(A72,7,2))+TIME(MID(A72,10,2),MID(A72,12,2),0) -> 42531.153 | M72: ="du -h "&A72&" >> temp.txt" -> du -h 07160610_0340 >> temp.txt | N72: 5.2M | O72: =VALUE(MID(H72,FIND(":",H72)+1,FIND(",",H72)-FIND(":",H72)-1)) -> -4 | P72: ="./rawDataLoop "&A72&" 0001 midas // "&G72&" "&O72 -> ./rawDataLoop 07160610_0340 0001 midas // bg -4 | Q72: =Q71&", """&A72&"""" -> "07160609_1627", "07160609_1531", "07160609_1434", "07160609_1337", "07160609_1232", "07160609_1136", "07160609_1039", "07160609_0943", "07160609_0846", "07160610_0611", "07160610_0340" | R72: =R71&", "&O72 -> -13, -12, -11, -10, -9, -8, -7, -6, -5, -4, -4 | S72: =(K72-S$1)*24*3600 -> 1.46553e+09
A73: 07160610_0109 | B73: UMN | C73: 58 | D73: null | E73: 1000 | F73: 121 | G73: bg | H73: side 1: -4, side 2: 0 | I73: good | J73: fail | K73: =DATE(2000+MID(A73,3,2),MID(A73,5,2),MID(A73,7,2))+TIME(MID(A73,10,2),MID(A73,12,2),0) -> 42531.048 | M73: ="du -h "&A73&" >> temp.txt" -> du -h 07160610_0109 >> temp.txt | N73: 5.2M | O73: =VALUE(MID(H73,FIND(":",H73)+1,FIND(",",H73)-FIND(":",H73)-1)) -> -4 | P73: ="./rawDataLoop "&A73&" 0001 midas // "&G73&" "&O73 -> ./rawDataLoop 07160610_0109 0001 midas // bg -4 | Q73: =Q72&", """&A73&"""" -> "07160609_1627", "07160609_1531", "07160609_1434", "07160609_1337", "07160609_1232", "07160609_1136", "07160609_1039", "07160609_0943", "07160609_0846", "07160610_0611", "07160610_0340", "07160610_0109" | R73: =R72&", "&O73 -> -13, -12, -11, -10, -9, -8, -7, -6, -5, -4, -4, -4 | S73: =(K73-S$1)*24*3600 -> 1.4655209e+09
A74: 07160609_2238 | B74: UMN | C74: 58 | D74: null | E74: 1000 | F74: 121 | G74: bg | H74: side 1: -4, side 2: 0 | I74: good | J74: fail | K74: =DATE(2000+MID(A74,3,2),MID(A74,5,2),MID(A74,7,2))+TIME(MID(A74,10,2),MID(A74,12,2),0) -> 42530.943 | M74: ="du -h "&A74&" >> temp.txt" -> du -h 07160609_2238 >> temp.txt | N74: 5.2M | O74: =VALUE(MID(H74,FIND(":",H74)+1,FIND(",",H74)-FIND(":",H74)-1)) -> -4 | P74: ="./rawDataLoop "&A74&" 0001 midas // "&G74&" "&O74 -> ./rawDataLoop 07160609_2238 0001 midas // bg -4 | Q74: =Q73&", """&A74&"""" -> "07160609_1627", "07160609_1531", "07160609_1434", "07160609_1337", "07160609_1232", "07160609_1136", "07160609_1039", "07160609_0943", "07160609_0846", "07160610_0611", "07160610_0340", "07160610_0109", "07160609_2238" | R74: =R73&", "&O74 -> -13, -12, -11, -10, -9, -8, -7, -6, -5, -4, -4, -4, -4 | S74: =(K74-S$1)*24*3600 -> 1.4655119e+09
... A94: 07160609_0404 | B94: UMN | C94: 58 | D94: null | E94: 1000 | F94: 31 | G94: bg | H94: side 1: 13, side 2: 0 | I94: good | J94: fail | K94: =DATE(2000+MID(A94,3,2),MID(A94,5,2),MID(A94,7,2))+TIME(MID(A94,10,2),MID(A94,12,2),0) -> 42530.169 | M94: ="du -h "&A94&" >> temp.txt" -> du -h 07160609_0404 >> temp.txt | N94: 1.4M | O94: =VALUE(MID(H94,FIND(":",H94)+1,FIND(",",H94)-FIND(":",H94)-1)) -> 13 | P94: ="./rawDataLoop "&A94&" 0001 midas // "&G94&" "&O94 -> ./rawDataLoop 07160609_0404 0001 midas // bg 13 | Q94: =Q93&", """&A94&"""" -> "07160609_1627", "07160609_1531", "07160609_1434", "07160609_1337", "07160609_1232", "07160609_1136", "07160609_1039", "07160609_0943", "07160609_0846", "07160610_0611", "07160610_0340", "07160610_0109", "07160609_2238", "07160609_2007", "07160609_1736", "07160609_0750", "07160609_0653", "07160609_0557", "07160609_0500", "07160608_1645", "07160607_1626", "07160608_1742", "07160608_1838", "07160608_1935", "07160608_2031", "07160608_2128", "07160608_2225", "07160608_2321", "07160609_0018", "07160609_0114", "07160609_0211", "07160609_0307", "07160609_0404" | R94: =R93&", "&O94 -> -13, -12, -11, -10, -9, -8, -7, -6, -5, -4, -4, -4, -4, -4, -4, -4, -3, -2, -1, 1, 1, 2, 3, 4, 5, 6, 7, 8, 9, 10, 11, 12, 13 | S94: =(K94-S$1)*24*3600 -> 1465445040
A95: 07160607_1317 | B95: UMN | C95: 58 | D95: null | E95: 1000 | F95: 1 | G95: test | H95: side 1: 0, side 2: 0 | I95: good | K95: =DATE(2000+MID(A95,3,2),MID(A95,5,2),MID(A95,7,2))+TIME(MID(A95,10,2),MID(A95,12,2),0) -> 42528.553 | M95: ="du -h "&A95&" >> temp.txt" -> du -h 07160607_1317 >> temp.txt | N95: 60K | O95: =VALUE(MID(H95,FIND(":",H95)+1,FIND(",",H95)-FIND(":",H95)-1)) -> 0
A96: 07160607_1316 | B96: UMN | C96: 58 | D96: null | E96: 1000 | F96: 1 | G96: test | H96: side 1: 0, side 2: 0 | I96: good | K96: =DATE(2000+MID(A96,3,2),MID(A96,5,2),MID(A96,7,2))+TIME(MID(A96,10,2),MID(A96,12,2),0) -> 42528.553 | M96: ="du -h "&A96&" >> temp.txt" -> du -h 07160607_1316 >> temp.txt | N96: 60K | O96: =VALUE(MID(H96,FIND(":",H96)+1,FIND(",",H96)-FIND(":",H96)-1)) -> 0
A97: 07160608_1429 | B97: UMN | C97: 58 | D97: null | E97: 1000 | F97: 31 | G97: test | H97: side 1: 1, side 2: 0 | I97: good | J97: fail | K97: =DATE(2000+MID(A97,3,2),MID(A97,5,2),MID(A97,7,2))+TIME(MID(A97,10,2),MID(A97,12,2),0) -> 42529.603 | M97: ="du -h "&A97&" >> temp.txt" -> du -h 07160608_1429 >> temp.txt | N97: 1.4M | O97: =VALUE(MID(H97,FIND(":",H97)+1,FIND(",",H97)-FIND(":",H97)-1)) -> 1
A98: 07160608_1525 | B98: UMN | C98: 58 | D98: null | E98: 1000 | F98: 31 | G98: test | H98: side 1: 2, side 2: 0 | I98: good | J98: fail | K98: =DATE(2000+MID(A98,3,2),MID(A98,5,2),MID(A98,7,2))+TIME(MID(A98,10,2),MID(A98,12,2),0) -> 42529.642 | M98: ="du -h "&A98&" >> temp.txt" -> du -h 07160608_1525 >> temp.txt | N98: 1.4M | O98: =VALUE(MID(H98,FIND(":",H98)+1,FIND(",",H98)-FIND(":",H98)-1)) -> 2
A99: 07160608_0954 | B99: UMN | C99: 58 | D99: null | E99: 1000 | F99: 250 | G99: test | H99: side 1: 2, side 2: 0 | I99: good | J99: fail | K99: =DATE(2000+MID(A99,3,2),MID(A99,5,2),MID(A99,7,2))+TIME(MID(A99,10,2),MID(A99,12,2),0) -> 42529.412 | M99: ="du -h "&A99&" >> temp.txt" -> du -h 07160608_0954 >> temp.txt | N99: 4.2M | O99: =VALUE(MID(H99,FIND(":",H99)+1,FIND(",",H99)-FIND(":",H99)-1)) -> 2
A100: 07160607_0633 | B100: UMN | C100: 58 | D100: null | E100: 1000 | F100: 121 | G100: test | H100: side 1: 4, side 2: 0 | I100: good | K100: =DATE(2000+MID(A100,3,2),MID(A100,5,2),MID(A100,7,2))+TIME(MID(A100,10,2),MID(A100,12,2),0) -> 42528.273 | M100: ="du -h "&A100&" >> temp.txt" -> du -h 07160607_0633 >> temp.txt | O100: =VALUE(MID(H100,FIND(":",H100)+1,FIND(",",H100)-FIND(":",H100)-1)) -> 4
A101: 07160607_0402 | B101: UMN | C101: 58 | D101: null | E101: 1000 | F101: 121 | G101: test | H101: side 1: 4, side 2: 0 | I101: good | K101: =DATE(2000+MID(A101,3,2),MID(A101,5,2),MID(A101,7,2))+TIME(MID(A101,10,2),MID(A101,12,2),0) -> 42528.168 | M101: ="du -h "&A101&" >> temp.txt" -> du -h 07160607_0402 >> temp.txt | O101: =VALUE(MID(H101,FIND(":",H101)+1,FIND(",",H101)-FIND(":",H101)-1)) -> 4
A102: 07160607_0131 | B102: UMN | C102: 58 | D102: null | E102: 1000 | F102: 121 | G102: test | H102: side 1: 4, side 2: 0 | I102: good | K102: =DATE(2000+MID(A102,3,2),MID(A102,5,2),MID(A102,7,2))+TIME(MID(A102,10,2),MID(A102,12,2),0) -> 42528.063 | M102: ="du -h "&A102&" >> temp.txt" -> du -h 07160607_0131 >> temp.txt | O102: =VALUE(MID(H102,FIND(":",H102)+1,FIND(",",H102)-FIND(":",H102)-1)) -> 4
A103: 07160606_2300 | B103: UMN | C103: 58 | D103: null | E103: 1000 | F103: 121 | G103: test | H103: side 1: 4, side 2: 0 | I103: good | K103: =DATE(2000+MID(A103,3,2),MID(A103,5,2),MID(A103,7,2))+TIME(MID(A103,10,2),MID(A103,12,2),0) -> 42527.958 | M103: ="du -h "&A103&" >> temp.txt" -> du -h 07160606_2300 >> temp.txt | O103: =VALUE(MID(H103,FIND(":",H103)+1,FIND(",",H103)-FIND(":",H103)-1)) -> 4
A104: 07160606_2029 | B104: UMN | C104: 58 | D104: null | E104: 1000 | F104: 121 | G104: test | H104: side 1: 4, side 2: 0 | I104: good | K104: =DATE(2000+MID(A104,3,2),MID(A104,5,2),MID(A104,7,2))+TIME(MID(A104,10,2),MID(A104,12,2),0) -> 42527.853 | M104: ="du -h "&A104&" >> temp.txt" -> du -h 07160606_2029 >> temp.txt | O104: =VALUE(MID(H104,FIND(":",H104)+1,FIND(",",H104)-FIND(":",H104)-1)) -> 4
A105: 07160606_1758 | B105: UMN | C105: 58 | D105: null | E105: 1000 | F105: 121 | G105: test | H105: side 1: 4, side 2: 0 | I105: good | K105: =DATE(2000+MID(A105,3,2),MID(A105,5,2),MID(A105,7,2))+TIME(MID(A105,10,2),MID(A105,12,2),0) -> 42527.749 | M105: ="du -h "&A105&" >> temp.txt" -> du -h 07160606_1758 >> temp.txt | O105: =VALUE(MID(H105,FIND(":",H105)+1,FIND(",",H105)-FIND(":",H105)-1)) -> 4
A106: 07160606_1626 | B106: UMN | C106: 58 | D106: null | E106: 1000 | F106: 31 | G106: test | H106: side 1: 4, side 2: 0 | I106: good | K106: =DATE(2000+MID(A106,3,2),MID(A106,5,2),MID(A106,7,2))+TIME(MID(A106,10,2),MID(A106,12,2),0) -> 42527.685 | M106: ="du -h "&A106&" >> temp.txt" -> du -h 07160606_1626 >> temp.txt | O106: =VALUE(MID(H106,FIND(":",H106)+1,FIND(",",H106)-FIND(":",H106)-1)) -> 4
A107: 07160606_1434 | B107: UMN | C107: 58 | D107: null | E107: 0 | F107: 31 | G107: test | H107: side 1: 4, side 2: 0 | I107: good | K107: =DATE(2000+MID(A107,3,2),MID(A107,5,2),MID(A107,7,2))+TIME(MID(A107,10,2),MID(A107,12,2),0) -> 42527.607 | M107: ="du -h "&A107&" >> temp.txt" -> du -h 07160606_1434 >> temp.txt | N107: 1.6M | O107: =VALUE(MID(H107,FIND(":",H107)+1,FIND(",",H107)-FIND(":",H107)-1)) -> 4

Sheet Run59
A1: series | B1: facility | C1: run number | D1: events per file | E1: randoms | F1: duration | G1: data type | H1: bias | I1: diagnosis | J1: my diag | K1: date/time | L1: ODBrun | M1: notes | N1: issues
A2: 07160715_1345 | B2: UMN | C2: 59 | D2: null | E2: 1000 | F2: 31 | G2: bg | H2: side 1: 0, side 2: 0 | I2: good | K2: =DATE(2000+MID(A2,3,2),MID(A2,5,2),MID(A2,7,2))+TIME(MID(A2,10,2),MID(A2,12,2),0) -> 42566.573 | L2: =F2 -> 31 | M2: shield dh=0 cm. | N2: failed to set bias
A3: 07160715_1740 | B3: UMN | C3: 59 | D3: null | E3: 1000 | F3: 4 | G3: bg | H3: side 1: 0, side 2: 0 | I3: good | K3: =DATE(2000+MID(A3,3,2),MID(A3,5,2),MID(A3,7,2))+TIME(MID(A3,10,2),MID(A3,12,2),0) -> 42566.736 | L3: =L2+F3 -> 35 | M3: HPGe
A4: 07160715_1748 | B4: UMN | C4: 59 | D4: null | E4: 1000 | F4: 1232 | G4: bg | H4: side 1: 0, side 2: 0 | I4: good | K4: =DATE(2000+MID(A4,3,2),MID(A4,5,2),MID(A4,7,2))+TIME(MID(A4,10,2),MID(A4,12,2),0) -> 42566.742 | L4: =L3+F4 -> 1267 | M4: HPGe
A5: 07160717_1155 | B5: UMN | C5: 59 | D5: null | E5: 1000 | F5: 6 | G5: bg | H5: side 1: -4, side 2: 4 | I5: good | K5: =DATE(2000+MID(A5,3,2),MID(A5,5,2),MID(A5,7,2))+TIME(MID(A5,10,2),MID(A5,12,2),0) -> 42568.497 | L5: =L4+F5 -> 1273 | M5: test?
A6: 07160717_1227 | B6: UMN | C6: 59 | D6: null | E6: 1000 | F6: 31 | G6: bg | H6: side 1: -4, side 2: 4 | I6: good | K6: =DATE(2000+MID(A6,3,2),MID(A6,5,2),MID(A6,7,2))+TIME(MID(A6,10,2),MID(A6,12,2),0) -> 42568.519 | L6: =L5+F6 -> 1304 | M6: shield dh= 23.2 cm | N6: DIB2pA,B O.G.s = 8, should be 3. Also timing link seems to have not been working.
A7: 07160717_1324 | B7: UMN | C7: 59 | D7: null | E7: 1000 | F7: 31 | G7: bg | H7: side 1: -4, side 2: 4 | I7: good | K7: =DATE(2000+MID(A7,3,2),MID(A7,5,2),MID(A7,7,2))+TIME(MID(A7,10,2),MID(A7,12,2),0) -> 42568.558 | L7: =L6+F7 -> 1335 | M7: shield dh= 23.2 cm
A8: 07160717_1421 | B8: UMN | C8: 59 | D8: null | E8: 1000 | F8: 31 | G8: bg | H8: side 1: -4, side 2: 4 | I8: good | K8: =DATE(2000+MID(A8,3,2),MID(A8,5,2),MID(A8,7,2))+TIME(MID(A8,10,2),MID(A8,12,2),0) -> 42568.598 | L8: =L7+F8 -> 1366 | M8: shield dh= 23.2 cm
A9: 07160717_1517 | B9: UMN | C9: 59 | D9: null | E9: 1000 | F9: 31 | G9: bg | H9: side 1: -4, side 2: 4 | I9: good | K9: =DATE(2000+MID(A9,3,2),MID(A9,5,2),MID(A9,7,2))+TIME(MID(A9,10,2),MID(A9,12,2),0) -> 42568.637 | L9: =L8+F9 -> 1397 | M9: shield dh= 23.2 cm
A10: 07160718_1322 | B10: UMN | C10: 59 | D10: null | E10: 1000 | F10: 31 | G10: bg | H10: side 1: -4, side 2: 4 | I10: good | J10: bad noise | K10: =DATE(2000+MID(A10,3,2),MID(A10,5,2),MID(A10,7,2))+TIME(MID(A10,10,2),MID(A10,12,2),0) -> 42569.557 | L10: =L9+F10 -> 1428 | M10: shield dh= 23.2 cm
A11: 07160718_1409 | B11: UMN | C11: 59 | D11: null | E11: 1000 | F11: 4 | G11: test | H11: side 1: 0, side 2: 0 | I11: good | J11: bad noise | K11: =DATE(2000+MID(A11,3,2),MID(A11,5,2),MID(A11,7,2))+TIME(MID(A11,10,2),MID(A11,12,2),0) -> 42569.59 | L11: =L10+F11 -> 1432 | M11: test
A12: 07160718_1422 | B12: UMN | C12: 59 | D12: null | E12: 1000 | F12: null | G12: test | H12: side 1: -4, side 2: 4 | I12: good | J12: bad noise | K12: =DATE(2000+MID(A12,3,2),MID(A12,5,2),MID(A12,7,2))+TIME(MID(A12,10,2),MID(A12,12,2),0) -> 42569.599 | L12: =L11+31 -> 1463 | M12: test
A13: 07160718_1455 | B13: UMN | C13: 59 | D13: null | E13: 1000 | F13: 31 | G13: bg | H13: side 1: -4, side 2: 4 | I13: good | J13: bad noise | K13: =DATE(2000+MID(A13,3,2),MID(A13,5,2),MID(A13,7,2))+TIME(MID(A13,10,2),MID(A13,12,2),0) -> 42569.622 | L13: =L12+F13 -> 1494 | M13: shield dh= 23.2 cm
A14: 07160719_0811 | B14: UMN | C14: 59 | D14: null | E14: 2000 | F14: 1 | G14: bg | H14: side 1: 0, side 2: 0 | I14: good | K14: =DATE(2000+MID(A14,3,2),MID(A14,5,2),MID(A14,7,2))+TIME(MID(A14,10,2),MID(A14,12,2),0) -> 42570.341 | L14: =L13+F14 -> 1495 | M14: accident
A15: 07160719_0812 | B15: UMN | C15: 59 | D15: null | E15: 2000 | F15: 1 | G15: bg | H15: side 1: 0, side 2: 0 | I15: good | K15: =DATE(2000+MID(A15,3,2),MID(A15,5,2),MID(A15,7,2))+TIME(MID(A15,10,2),MID(A15,12,2),0) -> 42570.342 | L15: =L14+F15 -> 1496 | M15: accident
A16: 07160719_0937 | B16: UMN | C16: 59 | D16: null | E16: 1000 | F16: 31 | G16: bg | H16: side 1: 0, side 2: 0 | I16: good | K16: =DATE(2000+MID(A16,3,2),MID(A16,5,2),MID(A16,7,2))+TIME(MID(A16,10,2),MID(A16,12,2),0) -> 42570.401 | L16: =L15+F16 -> 1527 | M16: shield dh = 0 cm | N16: failed to set bias
A17: 07160719_1038 | B17: UMN | C17: 59 | D17: null | E17: 1000 | F17: 31 | G17: bg | H17: side 1: -4, side 2: 4 | I17: good | J17: ok | K17: =DATE(2000+MID(A17,3,2),MID(A17,5,2),MID(A17,7,2))+TIME(MID(A17,10,2),MID(A17,12,2),0) -> 42570.443 | L17: =L16+F17 -> 1558 | M17: shield dh = 0 cm
A18: 07160719_1446 | B18: UMN | C18: 59 | D18: null | E18: 1000 | F18: 31 | G18: bg | H18: side 1: -4, side 2: 4 | I18: good | J18: ok | K18: =DATE(2000+MID(A18,3,2),MID(A18,5,2),MID(A18,7,2))+TIME(MID(A18,10,2),MID(A18,12,2),0) -> 42570.615 | L18: =L17+F18 -> 1589 | M18: shield dh= 27.7 cm | N18: shield was low for most of series
A19: 07160719_1551 | B19: UMN | C19: 59 | D19: null | E19: 1000 | F19: 31 | G19: bg | H19: side 1: -4, side 2: 4 | I19: good | J19: ok | K19: =DATE(2000+MID(A19,3,2),MID(A19,5,2),MID(A19,7,2))+TIME(MID(A19,10,2),MID(A19,12,2),0) -> 42570.66 | L19: =L18+F19 -> 1620 | M19: shield dh= 27.7 cm
A20: 07160719_1650 | B20: UMN | C20: 59 | D20: null | E20: 1000 | F20: 32 | G20: bg | H20: side 1: -4, side 2: 4 | I20: good | J20: ok | K20: =DATE(2000+MID(A20,3,2),MID(A20,5,2),MID(A20,7,2))+TIME(MID(A20,10,2),MID(A20,12,2),0) -> 42570.701 | L20: =L19+F20 -> 1652 | M20: shield dh= 27.7 cm
A21: 07160719_1730 | B21: UMN | C21: 59 | D21: null | E21: 1000 | F21: null | G21: bg | H21: side 1: 0, side 2: 0 | I21: good | K21: =DATE(2000+MID(A21,3,2),MID(A21,5,2),MID(A21,7,2))+TIME(MID(A21,10,2),MID(A21,12,2),0) -> 42570.729 | L21: =L20+31 -> 1683 | M21: HPGe
A22: 07160720_1102 | B22: UMN | C22: 59 | D22: null | E22: 1000 | F22: 31 | G22: bg | H22: side 1: -4, side 2: 4 | I22: good | K22: =DATE(2000+MID(A22,3,2),MID(A22,5,2),MID(A22,7,2))+TIME(MID(A22,10,2),MID(A22,12,2),0) -> 42571.46 | L22: =L21+F22 -> 1714 | M22: shield dh= 32.3 cm | N22: no timing link
A23: 07160720_1140 | B23: UMN | C23: 59 | D23: null | E23: 1000 | F23: 3 | G23: test | H23: side 1: -4, side 2: 4 | I23: good | K23: =DATE(2000+MID(A23,3,2),MID(A23,5,2),MID(A23,7,2))+TIME(MID(A23,10,2),MID(A23,12,2),0) -> 42571.486 | L23: =L22+F23 -> 1717 | M23: test
A24: 07160720_1212 | B24: UMN | C24: 59 | D24: null | E24: 1000 | F24: 31 | G24: bg | H24: side 1: -4, side 2: 4 | I24: good | K24: =DATE(2000+MID(A24,3,2),MID(A24,5,2),MID(A24,7,2))+TIME(MID(A24,10,2),MID(A24,12,2),0) -> 42571.508 | L24: =L23+F24 -> 1748 | M24: shield dh= 32.3 cm | N24: fridge failure before data began
A25: 07160720_1536 | B25: UMN | C25: 59 | D25: null | E25: 1000 | F25: 31 | G25: bg | H25: side 1: -4, side 2: 4 | I25: good | K25: =DATE(2000+MID(A25,3,2),MID(A25,5,2),MID(A25,7,2))+TIME(MID(A25,10,2),MID(A25,12,2),0) -> 42571.65 | L25: =L24+F25 -> 1779 | M25: shield dh= 32.3 cm
A26: 07160720_1635 | B26: UMN | C26: 59 | D26: null | E26: 1000 | F26: 31 | G26: bg | H26: side 1: -4, side 2: 4 | I26: good | K26: =DATE(2000+MID(A26,3,2),MID(A26,5,2),MID(A26,7,2))+TIME(MID(A26,10,2),MID(A26,12,2),0) -> 42571.691 | L26: =L25+F26 -> 1810 | M26: shield dh= 32.3 cm
A27: 07160720_1734 | B27: UMN | C27: 59 | D27: null | E27: 1000 | F27: 31 | G27: ba | H27: side 1: -4, side 2: 4 | I27: good | K27: =DATE(2000+MID(A27,3,2),MID(A27,5,2),MID(A27,7,2))+TIME(MID(A27,10,2),MID(A27,12,2),0) -> 42571.732 | L27: =L26+F27 -> 1841 | M27: shield dh= 32.3 cm | O27: =""""&A27&"""" -> "07160720_1734"
A28: 07160720_1830 | B28: UMN | C28: 59 | D28: null | E28: 1000 | F28: 31 | G28: ba | H28: side 1: -4, side 2: 4 | I28: good | K28: =DATE(2000+MID(A28,3,2),MID(A28,5,2),MID(A28,7,2))+TIME(MID(A28,10,2),MID(A28,12,2),0) -> 42571.771 | L28: =L27+F28 -> 1872 | M28: shield dh= 32.3 cm | O28: =O27&", """&A28&"""" -> "07160720_1734", "07160720_1830"
A29: 07160720_1927 | B29: UMN | C29: 59 | D29: null | E29: 1000 | F29: 31 | G29: ba | H29: side 1: -4, side 2: 4 | I29: good | K29: =DATE(2000+MID(A29,3,2),MID(A29,5,2),MID(A29,7,2))+TIME(MID(A29,10,2),MID(A29,12,2),0) -> 42571.81 | L29: =L28+F29 -> 1903 | M29: shield dh= 32.3 cm | O29: =O28&", """&A29&"""" -> "07160720_1734", "07160720_1830", "07160720_1927"
A30: 07160720_2024 | B30: UMN | C30: 59 | D30: null | E30: 1000 | F30: 31 | G30: ba | H30: side 1: -4, side 2: 4 | I30: good | K30: =DATE(2000+MID(A30,3,2),MID(A30,5,2),MID(A30,7,2))+TIME(MID(A30,10,2),MID(A30,12,2),0) -> 42571.85 | L30: =L29+F30 -> 1934 | M30: shield dh= 32.3 cm | O30: =O29&", """&A30&"""" -> "07160720_1734", "07160720_1830", "07160720_1927", "07160720_2024"
A31: 07160720_2120 | B31: UMN | C31: 59 | D31: null | E31: 1000 | F31: 31 | G31: ba | H31: side 1: -4, side 2: 4 | I31: good | K31: =DATE(2000+MID(A31,3,2),MID(A31,5,2),MID(A31,7,2))+TIME(MID(A31,10,2),MID(A31,12,2),0) -> 42571.889 | L31: =L30+F31 -> 1965 | M31: shield dh= 32.3 cm | O31: =O30&", """&A31&"""" -> "07160720_1734", "07160720_1830", "07160720_1927", "07160720_2024", "07160720_2120"
A32: 07160720_2217 | B32: UMN | C32: 59 | D32: null | E32: 1000 | F32: 31 | G32: ba | H32: side 1: -4, side 2: 4 | I32: good | K32: =DATE(2000+MID(A32,3,2),MID(A32,5,2),MID(A32,7,2))+TIME(MID(A32,10,2),MID(A32,12,2),0) -> 42571.928 | L32: =L31+F32 -> 1996 | M32: shield dh= 32.3 cm | O32: =O31&", """&A32&"""" -> "07160720_1734", "07160720_1830", "07160720_1927", "07160720_2024", "07160720_2120", "07160720_2217"
A33: 07160720_2313 | B33: UMN | C33: 59 | D33: null | E33: 1000 | F33: 31 | G33: ba | H33: side 1: -4, side 2: 4 | I33: good | K33: =DATE(2000+MID(A33,3,2),MID(A33,5,2),MID(A33,7,2))+TIME(MID(A33,10,2),MID(A33,12,2),0) -> 42571.967 | L33: =L32+F33 -> 2027 | M33: shield dh= 32.3 cm | O33: =O32&", """&A33&"""" -> "07160720_1734", "07160720_1830", "07160720_1927", "07160720_2024", "07160720_2120", "07160720_2217", "07160720_2313"
A34: 07160721_0010 | B34: UMN | C34: 59 | D34: null | E34: 1000 | F34: 31 | G34: ba | H34: side 1: -4, side 2: 4 | I34: good | K34: =DATE(2000+MID(A34,3,2),MID(A34,5,2),MID(A34,7,2))+TIME(MID(A34,10,2),MID(A34,12,2),0) -> 42572.007 | L34: =L33+F34 -> 2058 | M34: shield dh= 32.3 cm | O34: =O33&", """&A34&"""" -> "07160720_1734", "07160720_1830", "07160720_1927", "07160720_2024", "07160720_2120", "07160720_2217", "07160720_2313", "07160721_0010"
A35: 07160721_0107 | B35: UMN | C35: 59 | D35: null | E35: 1000 | F35: 31 | G35: ba | H35: side 1: -4, side 2: 4 | I35: good | K35: =DATE(2000+MID(A35,3,2),MID(A35,5,2),MID(A35,7,2))+TIME(MID(A35,10,2),MID(A35,12,2),0) -> 42572.047 | L35: =L34+F35 -> 2089 | M35: shield dh= 32.3 cm | O35: =O34&", """&A35&"""" -> "07160720_1734", "07160720_1830", "07160720_1927", "07160720_2024", "07160720_2120", "07160720_2217", "07160720_2313", "07160721_0010", "07160721_0107"
A36: 07160721_0203 | B36: UMN | C36: 59 | D36: null | E36: 1000 | F36: 31 | G36: ba | H36: side 1: -4, side 2: 4 | I36: good | K36: =DATE(2000+MID(A36,3,2),MID(A36,5,2),MID(A36,7,2))+TIME(MID(A36,10,2),MID(A36,12,2),0) -> 42572.085 | L36: =L35+F36 -> 2120 | M36: shield dh= 32.3 cm | O36: =O35&", """&A36&"""" -> "07160720_1734", "07160720_1830", "07160720_1927", "07160720_2024", "07160720_2120", "07160720_2217", "07160720_2313", "07160721_0010", "07160721_0107", "07160721_0203"
A37: 07160721_0300 | B37: UMN | C37: 59 | D37: null | E37: 1000 | F37: 31 | G37: ba | H37: side 1: -4, side 2: 4 | I37: good | K37: =DATE(2000+MID(A37,3,2),MID(A37,5,2),MID(A37,7,2))+TIME(MID(A37,10,2),MID(A37,12,2),0) -> 42572.125 | L37: =L36+F37 -> 2151 | M37: shield dh= 32.3 cm | O37: =O36&", """&A37&"""" -> "07160720_1734", "07160720_1830", "07160720_1927", "07160720_2024", "07160720_2120", "07160720_2217", "07160720_2313", "07160721_0010", "07160721_0107", "07160721_0203", "07160721_0300"
A38: 07160721_0356 | B38: UMN | C38: 59 | D38: null | E38: 1000 | F38: 31 | G38: ba | H38: side 1: -4, side 2: 4 | I38: good | K38: =DATE(2000+MID(A38,3,2),MID(A38,5,2),MID(A38,7,2))+TIME(MID(A38,10,2),MID(A38,12,2),0) -> 42572.164 | L38: =L37+F38 -> 2182 | M38: shield dh= 32.3 cm | O38: =O37&", """&A38&"""" -> "07160720_1734", "07160720_1830", "07160720_1927", "07160720_2024", "07160720_2120", "07160720_2217", "07160720_2313", "07160721_0010", "07160721_0107", "07160721_0203", "07160721_0300", "07160721_0356"
A39: 07160721_0453 | B39: UMN | C39: 59 | D39: null | E39: 1000 | F39: 31 | G39: ba | H39: side 1: -4, side 2: 4 | I39: good | K39: =DATE(2000+MID(A39,3,2),MID(A39,5,2),MID(A39,7,2))+TIME(MID(A39,10,2),MID(A39,12,2),0) -> 42572.203 | L39: =L38+F39 -> 2213 | M39: shield dh= 32.3 cm | N39: elevated temperature
A40: 07160721_0550 | B40: UMN | C40: 59 | D40: null | E40: 1000 | F40: 31 | G40: ba | H40: side 1: -4, side 2: 4 | I40: good | K40: =DATE(2000+MID(A40,3,2),MID(A40,5,2),MID(A40,7,2))+TIME(MID(A40,10,2),MID(A40,12,2),0) -> 42572.243 | L40: =L39+F40 -> 2244 | M40: shield dh= 32.3 cm | N40: elevated temperature
A41: 07160721_1340 | B41: UMN | C41: 59 | D41: null | E41: 1000 | F41: 32 | G41: bg | H41: side 1: -4, side 2: 4 | I41: good | K41: =DATE(2000+MID(A41,3,2),MID(A41,5,2),MID(A41,7,2))+TIME(MID(A41,10,2),MID(A41,12,2),0) -> 42572.569 | L41: =L40+F41 -> 2276 | M41: shield dh= 37.8 cm
A42: 07160721_1836 | B42: UMN | C42: 59 | D42: null | E42: 1000 | F42: 32 | G42: bg | H42: side 1: -4, side 2: 4 | I42: good | K42: =DATE(2000+MID(A42,3,2),MID(A42,5,2),MID(A42,7,2))+TIME(MID(A42,10,2),MID(A42,12,2),0) -> 42572.775 | L42: =L41+F42 -> 2308 | M42: shield dh=0 cm | O42: =O41&", """&A42&"""" -> , "07160721_1836"
A43: 07160721_1933 | B43: UMN | C43: 59 | D43: null | E43: 1000 | F43: 31 | G43: bg | H43: side 1: -4, side 2: 4 | I43: good | K43: =DATE(2000+MID(A43,3,2),MID(A43,5,2),MID(A43,7,2))+TIME(MID(A43,10,2),MID(A43,12,2),0) -> 42572.815 | L43: =L42+F43 -> 2339 | M43: shield dh=0 cm | O43: =O42&", """&A43&"""" -> , "07160721_1836", "07160721_1933"
A44: 07160721_2029 | B44: UMN | C44: 59 | D44: null | E44: 1000 | F44: 31 | G44: bg | H44: side 1: -4, side 2: 4 | I44: good | K44: =DATE(2000+MID(A44,3,2),MID(A44,5,2),MID(A44,7,2))+TIME(MID(A44,10,2),MID(A44,12,2),0) -> 42572.853 | L44: =L43+F44 -> 2370 | M44: shield dh=0 cm | O44: =O43&", """&A44&"""" -> , "07160721_1836", "07160721_1933", "07160721_2029"
A45: 07160721_2126 | B45: UMN | C45: 59 | D45: null | E45: 1000 | F45: 31 | G45: bg | H45: side 1: -4, side 2: 4 | I45: good | K45: =DATE(2000+MID(A45,3,2),MID(A45,5,2),MID(A45,7,2))+TIME(MID(A45,10,2),MID(A45,12,2),0) -> 42572.893 | L45: =L44+F45 -> 2401 | M45: shield dh=0 cm | O45: =O44&", """&A45&"""" -> , "07160721_1836", "07160721_1933", "07160721_2029", "07160721_2126"
A46: 07160721_2223 | B46: UMN | C46: 59 | D46: null | E46: 1000 | F46: 31 | G46: bg | H46: side 1: -4, side 2: 4 | I46: good | K46: =DATE(2000+MID(A46,3,2),MID(A46,5,2),MID(A46,7,2))+TIME(MID(A46,10,2),MID(A46,12,2),0) -> 42572.933 | L46: =L45+F46 -> 2432 | M46: shield dh=0 cm | O46: =O45&", """&A46&"""" -> , "07160721_1836", "07160721_1933", "07160721_2029", "07160721_2126", "07160721_2223"
A47: 07160721_2319 | B47: UMN | C47: 59 | D47: null | E47: 1000 | F47: 31 | G47: bg | H47: side 1: -4, side 2: 4 | I47: good | K47: =DATE(2000+MID(A47,3,2),MID(A47,5,2),MID(A47,7,2))+TIME(MID(A47,10,2),MID(A47,12,2),0) -> 42572.972 | L47: =L46+F47 -> 2463 | M47: shield dh=0 cm | O47: =O46&", """&A47&"""" -> , "07160721_1836", "07160721_1933", "07160721_2029", "07160721_2126", "07160721_2223", "07160721_2319"
A48: 07160722_0016 | B48: UMN | C48: 59 | D48: null | E48: 1000 | F48: 31 | G48: bg | H48: side 1: -4, side 2: 4 | I48: good | K48: =DATE(2000+MID(A48,3,2),MID(A48,5,2),MID(A48,7,2))+TIME(MID(A48,10,2),MID(A48,12,2),0) -> 42573.011 | L48: =L47+F48 -> 2494 | M48: shield dh=0 cm | O48: =O47&", """&A48&"""" -> , "07160721_1836", "07160721_1933", "07160721_2029", "07160721_2126", "07160721_2223", "07160721_2319", "07160722_0016"
A49: 07160722_0112 | B49: UMN | C49: 59 | D49: null | E49: 1000 | F49: 31 | G49: bg | H49: side 1: -4, side 2: 4 | I49: good | K49: =DATE(2000+MID(A49,3,2),MID(A49,5,2),MID(A49,7,2))+TIME(MID(A49,10,2),MID(A49,12,2),0) -> 42573.05 | L49: =L48+F49 -> 2525 | M49: shield dh=0 cm | O49: =O48&", """&A49&"""" -> , "07160721_1836", "07160721_1933", "07160721_2029", "07160721_2126", "07160721_2223", "07160721_2319", "07160722_0016", "07160722_0112"
A50: 07160722_0209 | B50: UMN | C50: 59 | D50: null | E50: 1000 | F50: 31 | G50: bg | H50: side 1: -4, side 2: 4 | I50: good | K50: =DATE(2000+MID(A50,3,2),MID(A50,5,2),MID(A50,7,2))+TIME(MID(A50,10,2),MID(A50,12,2),0) -> 42573.09 | L50: =L49+F50 -> 2556 | M50: shield dh=0 cm | O50: =O49&", """&A50&"""" -> , "07160721_1836", "07160721_1933", "07160721_2029", "07160721_2126", "07160721_2223", "07160721_2319", "07160722_0016", "07160722_0112", "07160722_0209"
A51: 07160722_0306 | B51: UMN | C51: 59 | D51: null | E51: 1000 | F51: 31 | G51: bg | H51: side 1: -4, side 2: 4 | I51: good | K51: =DATE(2000+MID(A51,3,2),MID(A51,5,2),MID(A51,7,2))+TIME(MID(A51,10,2),MID(A51,12,2),0) -> 42573.129 | L51: =L50+F51 -> 2587 | M51: shield dh=0 cm | O51: =O50&", """&A51&"""" -> , "07160721_1836", "07160721_1933", "07160721_2029", "07160721_2126", "07160721_2223", "07160721_2319", "07160722_0016", "07160722_0112", "07160722_0209", "07160722_0306"
A52: 07160722_0402 | B52: UMN | C52: 59 | D52: null | E52: 1000 | F52: 31 | G52: bg | H52: side 1: -4, side 2: 4 | I52: good | K52: =DATE(2000+MID(A52,3,2),MID(A52,5,2),MID(A52,7,2))+TIME(MID(A52,10,2),MID(A52,12,2),0) -> 42573.168 | L52: =L51+F52 -> 2618 | M52: shield dh=0 cm | O52: =O51&", """&A52&"""" -> , "07160721_1836", "07160721_1933", "07160721_2029", "07160721_2126", "07160721_2223", "07160721_2319", "07160722_0016", "07160722_0112", "07160722_0209", "07160722_0306", "07160722_0402"
A53: 07160722_0459 | B53: UMN | C53: 59 | D53: null | E53: 1000 | F53: 31 | G53: bg | H53: side 1: -4, side 2: 4 | I53: good | K53: =DATE(2000+MID(A53,3,2),MID(A53,5,2),MID(A53,7,2))+TIME(MID(A53,10,2),MID(A53,12,2),0) -> 42573.208 | L53: =L52+F53 -> 2649 | M53: shield dh=0 cm | O53: =O52&", """&A53&"""" -> , "07160721_1836", "07160721_1933", "07160721_2029", "07160721_2126", "07160721_2223", "07160721_2319", "07160722_0016", "07160722_0112", "07160722_0209", "07160722_0306", "07160722_0402", "07160722_0459"
A54: 07160722_0555 | B54: UMN | C54: 59 | D54: null | E54: 1000 | F54: 32 | G54: bg | H54: side 1: -4, side 2: 4 | I54: good | K54: =DATE(2000+MID(A54,3,2),MID(A54,5,2),MID(A54,7,2))+TIME(MID(A54,10,2),MID(A54,12,2),0) -> 42573.247 | L54: =L53+F54 -> 2681 | M54: shield dh=0 cm | O54: =O53&", """&A54&"""" -> , "07160721_1836", "07160721_1933", "07160721_2029", "07160721_2126", "07160721_2223", "07160721_2319", "07160722_0016", "07160722_0112", "07160722_0209", "07160722_0306", "07160722_0402", "07160722_0459", "07160722_0555"
A55: 07160722_1702 | B55: UMN | C55: 59 | D55: null | E55: 1000 | F55: 31 | G55: bg | H55: side 1: -4, side 2: 4 | I55: good | J55: 2 railed p's | K55: =DATE(2000+MID(A55,3,2),MID(A55,5,2),MID(A55,7,2))+TIME(MID(A55,10,2),MID(A55,12,2),0) -> 42573.71 | L55: =L54+F55 -> 2712 | M55: shield dh=45.9 cm
A56: 07160722_1758 | B56: UMN | C56: 59 | D56: null | E56: 1000 | F56: 31 | G56: bg | H56: side 1: -4, side 2: 4 | I56: good | J56: 2 railed p's | K56: =DATE(2000+MID(A56,3,2),MID(A56,5,2),MID(A56,7,2))+TIME(MID(A56,10,2),MID(A56,12,2),0) -> 42573.749 | L56: =L55+F56 -> 2743 | M56: shield dh=45.9 cm
A57: 07160722_1855 | B57: UMN | C57: 59 | D57: null | E57: 1000 | F57: 31 | G57: bg | H57: side 1: -4, side 2: 4 | I57: good | J57: 2 railed p's | K57: =DATE(2000+MID(A57,3,2),MID(A57,5,2),MID(A57,7,2))+TIME(MID(A57,10,2),MID(A57,12,2),0) -> 42573.788 | L57: =L56+F57 -> 2774 | M57: shield dh=45.9 cm
A58: 07160722_1951 | B58: UMN | C58: 59 | D58: null | E58: 1000 | F58: 31 | G58: bg | H58: side 1: -4, side 2: 4 | I58: good | J58: 2 railed p's | K58: =DATE(2000+MID(A58,3,2),MID(A58,5,2),MID(A58,7,2))+TIME(MID(A58,10,2),MID(A58,12,2),0) -> 42573.827 | L58: =L57+F58 -> 2805 | M58: shield dh=45.9 cm
A59: 07160722_2048 | B59: UMN | C59: 59 | D59: null | E59: 1000 | F59: 31 | G59: bg | H59: side 1: -4, side 2: 4 | I59: good | J59: 2 railed p's | K59: =DATE(2000+MID(A59,3,2),MID(A59,5,2),MID(A59,7,2))+TIME(MID(A59,10,2),MID(A59,12,2),0) -> 42573.867 | L59: =L58+F59 -> 2836 | M59: shield dh=45.9 cm
A60: 07160722_2145 | B60: UMN | C60: 59 | D60: null | E60: 1000 | F60: 31 | G60: bg | H60: side 1: -4, side 2: 4 | I60: good | J60: 2 railed p's | K60: =DATE(2000+MID(A60,3,2),MID(A60,5,2),MID(A60,7,2))+TIME(MID(A60,10,2),MID(A60,12,2),0) -> 42573.906 | L60: =L59+F60 -> 2867 | M60: shield dh=45.9 cm
A61: 07160722_2241 | B61: UMN | C61: 59 | D61: null | E61: 1000 | F61: 31 | G61: bg | H61: side 1: -4, side 2: 4 | I61: good | J61: 2 railed p's | K61: =DATE(2000+MID(A61,3,2),MID(A61,5,2),MID(A61,7,2))+TIME(MID(A61,10,2),MID(A61,12,2),0) -> 42573.945 | L61: =L60+F61 -> 2898 | M61: shield dh=45.9 cm
A62: 07160722_2338 | B62: UMN | C62: 59 | D62: null | E62: 1000 | F62: 31 | G62: bg | H62: side 1: -4, side 2: 4 | I62: good | J62: 2 railed p's | K62: =DATE(2000+MID(A62,3,2),MID(A62,5,2),MID(A62,7,2))+TIME(MID(A62,10,2),MID(A62,12,2),0) -> 42573.985 | L62: =L61+F62 -> 2929 | M62: shield dh=45.9 cm
A63: 07160723_0034 | B63: UMN | C63: 59 | D63: null | E63: 1000 | F63: 31 | G63: bg | H63: side 1: -4, side 2: 4 | I63: good | J63: 2 railed p's | K63: =DATE(2000+MID(A63,3,2),MID(A63,5,2),MID(A63,7,2))+TIME(MID(A63,10,2),MID(A63,12,2),0) -> 42574.024 | L63: =L62+F63 -> 2960 | M63: shield dh=45.9 cm
A64: 07160723_0131 | B64: UMN | C64: 59 | D64: null | E64: 1000 | F64: 31 | G64: bg | H64: side 1: -4, side 2: 4 | I64: good | J64: 2 railed p's | K64: =DATE(2000+MID(A64,3,2),MID(A64,5,2),MID(A64,7,2))+TIME(MID(A64,10,2),MID(A64,12,2),0) -> 42574.063 | L64: =L63+F64 -> 2991 | M64: shield dh=45.9 cm
A65: 07160723_0228 | B65: UMN | C65: 59 | D65: null | E65: 1000 | F65: 31 | G65: bg | H65: side 1: -4, side 2: 4 | I65: good | J65: 2 railed p's | K65: =DATE(2000+MID(A65,3,2),MID(A65,5,2),MID(A65,7,2))+TIME(MID(A65,10,2),MID(A65,12,2),0) -> 42574.103 | L65: =L64+F65 -> 3022 | M65: shield dh=45.9 cm
A66: 07160723_0324 | B66: UMN | C66: 59 | D66: null | E66: 1000 | F66: 31 | G66: bg | H66: side 1: -4, side 2: 4 | I66: good | J66: 2 railed p's | K66: =DATE(2000+MID(A66,3,2),MID(A66,5,2),MID(A66,7,2))+TIME(MID(A66,10,2),MID(A66,12,2),0) -> 42574.142 | L66: =L65+F66 -> 3053 | M66: shield dh=45.9 cm
... A70: 07160723_0711 | B70: UMN | C70: 59 | D70: null | E70: 1000 | F70: 31 | G70: bg | H70: side 1: -4, side 2: 4 | I70: good | J70: 2 railed p's | K70: =DATE(2000+MID(A70,3,2),MID(A70,5,2),MID(A70,7,2))+TIME(MID(A70,10,2),MID(A70,12,2),0) -> 42574.299 | L70: =L69+F70 -> 3177 | M70: shield dh=45.9 cm
A71: 07160723_1048 | B71: UMN | C71: 59 | D71: null | E71: 1000 | F71: 32 | G71: bg | H71: side 1: 4, side 2: -4 | I71: good | J71: ok | K71: =DATE(2000+MID(A71,3,2),MID(A71,5,2),MID(A71,7,2))+TIME(MID(A71,10,2),MID(A71,12,2),0) -> 42574.45 | L71: =L70+F71 -> 3209 | M71: shield dh=45.9 cm | O71: =O70&", """&A71&"""" -> , "07160723_1048"
A72: 07160723_1145 | B72: UMN | C72: 59 | D72: null | E72: 1000 | F72: 31 | G72: bg | H72: side 1: 4, side 2: -4 | I72: good | J72: ok | K72: =DATE(2000+MID(A72,3,2),MID(A72,5,2),MID(A72,7,2))+TIME(MID(A72,10,2),MID(A72,12,2),0) -> 42574.49 | L72: =L71+F72 -> 3240 | M72: shield dh=45.9 cm | O72: =O71&", """&A72&"""" -> , "07160723_1048", "07160723_1145"
A73: 07160723_1241 | B73: UMN | C73: 59 | D73: null | E73: 1000 | F73: 31 | G73: bg | H73: side 1: 4, side 2: -4 | I73: good | J73: ok | K73: =DATE(2000+MID(A73,3,2),MID(A73,5,2),MID(A73,7,2))+TIME(MID(A73,10,2),MID(A73,12,2),0) -> 42574.528 | L73: =L72+F73 -> 3271 | M73: shield dh=45.9 cm | O73: =O72&", """&A73&"""" -> , "07160723_1048", "07160723_1145", "07160723_1241"
A74: 07160723_1338 | B74: UMN | C74: 59 | D74: null | E74: 1000 | F74: 31 | G74: bg | H74: side 1: 4, side 2: -4 | I74: good | J74: ok | K74: =DATE(2000+MID(A74,3,2),MID(A74,5,2),MID(A74,7,2))+TIME(MID(A74,10,2),MID(A74,12,2),0) -> 42574.568 | L74: =L73+F74 -> 3302 | M74: shield dh=45.9 cm | O74: =O73&", """&A74&"""" -> , "07160723_1048", "07160723_1145", "07160723_1241", "07160723_1338"
A75: 07160723_1434 | B75: UMN | C75: 59 | D75: null | E75: 1000 | F75: 31 | G75: bg | H75: side 1: 4, side 2: -4 | I75: good | J75: ok | K75: =DATE(2000+MID(A75,3,2),MID(A75,5,2),MID(A75,7,2))+TIME(MID(A75,10,2),MID(A75,12,2),0) -> 42574.607 | L75: =L74+F75 -> 3333 | M75: shield dh=45.9 cm | O75: =O74&", """&A75&"""" -> , "07160723_1048", "07160723_1145", "07160723_1241", "07160723_1338", "07160723_1434"
A76: 07160723_1531 | B76: UMN | C76: 59 | D76: null | E76: 1000 | F76: 31 | G76: bg | H76: side 1: 4, side 2: -4 | I76: good | J76: ok | K76: =DATE(2000+MID(A76,3,2),MID(A76,5,2),MID(A76,7,2))+TIME(MID(A76,10,2),MID(A76,12,2),0) -> 42574.647 | L76: =L75+F76 -> 3364 | M76: shield dh=45.9 cm | O76: =O75&", """&A76&"""" -> , "07160723_1048", "07160723_1145", "07160723_1241", "07160723_1338", "07160723_1434", "07160723_1531"
A77: 07160723_1628 | B77: UMN | C77: 59 | D77: null | E77: 1000 | F77: 31 | G77: bg | H77: side 1: 4, side 2: -4 | I77: good | J77: ok | K77: =DATE(2000+MID(A77,3,2),MID(A77,5,2),MID(A77,7,2))+TIME(MID(A77,10,2),MID(A77,12,2),0) -> 42574.686 | L77: =L76+F77 -> 3395 | M77: shield dh=45.9 cm | O77: =O76&", """&A77&"""" -> , "07160723_1048", "07160723_1145", "07160723_1241", "07160723_1338", "07160723_1434", "07160723_1531", "07160723_1628"
A78: 07160723_1724 | B78: UMN | C78: 59 | D78: null | E78: 1000 | F78: 31 | G78: bg | H78: side 1: 4, side 2: -4 | I78: good | J78: ok | K78: =DATE(2000+MID(A78,3,2),MID(A78,5,2),MID(A78,7,2))+TIME(MID(A78,10,2),MID(A78,12,2),0) -> 42574.725 | L78: =L77+F78 -> 3426 | M78: shield dh=45.9 cm | O78: =O77&", """&A78&"""" -> , "07160723_1048", "07160723_1145", "07160723_1241", "07160723_1338", "07160723_1434", "07160723_1531", "07160723_1628", "07160723_1724"
A79: 07160723_1821 | B79: UMN | C79: 59 | D79: null | E79: 1000 | F79: 31 | G79: bg | H79: side 1: 4, side 2: -4 | I79: good | J79: ok | K79: =DATE(2000+MID(A79,3,2),MID(A79,5,2),MID(A79,7,2))+TIME(MID(A79,10,2),MID(A79,12,2),0) -> 42574.765 | L79: =L78+F79 -> 3457 | M79: shield dh=45.9 cm | O79: =O78&", """&A79&"""" -> , "07160723_1048", "07160723_1145", "07160723_1241", "07160723_1338", "07160723_1434", "07160723_1531", "07160723_1628", "07160723_1724", "07160723_1821"
A80: 07160723_1917 | B80: UMN | C80: 59 | D80: null | E80: 1000 | F80: 31 | G80: bg | H80: side 1: 4, side 2: -4 | I80: good | J80: ok | K80: =DATE(2000+MID(A80,3,2),MID(A80,5,2),MID(A80,7,2))+TIME(MID(A80,10,2),MID(A80,12,2),0) -> 42574.803 | L80: =L79+F80 -> 3488 | M80: shield dh=45.9 cm | O80: =O79&", """&A80&"""" -> , "07160723_1048", "07160723_1145", "07160723_1241", "07160723_1338", "07160723_1434", "07160723_1531", "07160723_1628", "07160723_1724", "07160723_1821", "07160723_1917"
A81: 07160723_2014 | B81: UMN | C81: 59 | D81: null | E81: 1000 | F81: 31 | G81: bg | H81: side 1: 4, side 2: -4 | I81: good | J81: ok | K81: =DATE(2000+MID(A81,3,2),MID(A81,5,2),MID(A81,7,2))+TIME(MID(A81,10,2),MID(A81,12,2),0) -> 42574.843 | L81: =L80+F81 -> 3519 | M81: shield dh=45.9 cm | O81: =O80&", """&A81&"""" -> , "07160723_1048", "07160723_1145", "07160723_1241", "07160723_1338", "07160723_1434", "07160723_1531", "07160723_1628", "07160723_1724", "07160723_1821", "07160723_1917", "07160723_2014"
A82: 07160723_2111 | B82: UMN | C82: 59 | D82: null | E82: 1000 | F82: 31 | G82: bg | H82: side 1: 4, side 2: -4 | I82: good | J82: ok | K82: =DATE(2000+MID(A82,3,2),MID(A82,5,2),MID(A82,7,2))+TIME(MID(A82,10,2),MID(A82,12,2),0) -> 42574.883 | L82: =L81+F82 -> 3550 | M82: shield dh=45.9 cm | O82: =O81&", """&A82&"""" -> , "07160723_1048", "07160723_1145", "07160723_1241", "07160723_1338", "07160723_1434", "07160723_1531", "07160723_1628", "07160723_1724", "07160723_1821", "07160723_1917", "07160723_2014", "07160723_2111"
